reference,date_created,category,pdf_url
134 Yorkminster Drive 2026,20-07-2026,Domestic Landlord Gas Safety Records,https://login.gaschecker.co.uk/gas-engineers/xml/domestic_landlord_gas_safety_records.php?certificate_id=MzM4MzM3MQ==
7 Partridge Close 2026,20-07-2026,Domestic Landlord Gas Safety Records,https://login.gaschecker.co.uk/gas-engineers/xml/domestic_landlord_gas_safety_records.php?certificate_id=MzM4MzM3Mg==
77 Frensham Close 2026,20-07-2026,Domestic Landlord Gas Safety Records,https://login.gaschecker.co.uk/gas-engineers/xml/domestic_landlord_gas_safety_records.php?certificate_id=MzM4MzM3Mw==
Flat B Ground Floor 4 Warwick new Road 2026,14-05-2026,Domestic Landlord Gas Safety Records,https://login.gaschecker.co.uk/gas-engineers/xml/domestic_landlord_gas_safety_records.php?certificate_id=MzMyMTYwMA==
Flat C 1st Floor 4  2026,14-05-2026,Domestic Landlord Gas Safety Records,https://login.gaschecker.co.uk/gas-engineers/xml/domestic_landlord_gas_safety_records.php?certificate_id=MzMyMTYwMQ==
Flat D 2nd Floor 4 2026,14-05-2026,Domestic Landlord Gas Safety Records,https://login.gaschecker.co.uk/gas-engineers/xml/domestic_landlord_gas_safety_records.php?certificate_id=MzMyMTYwMg==
Waterloo House 2026,14-05-2026,Domestic Landlord Gas Safety Records,https://login.gaschecker.co.uk/gas-engineers/xml/domestic_landlord_gas_safety_records.php?certificate_id=MzMyMTYwNA==
4 Haywood 2026,14-05-2026,Gas Service Breakdown Record,https://login.gaschecker.co.uk/gas-engineers/xml/gas_service_breakdown_record.php?certificate_id=MzMyMTYwNw==
95 St Nicholas Road 2026,14-05-2026,Domestic Landlord Gas Safety Records,https://login.gaschecker.co.uk/gas-engineers/xml/domestic_landlord_gas_safety_records.php?certificate_id=MzMyMTU4OQ==
Flat 1 34 Newbold 2026,14-05-2026,Domestic Landlord Gas Safety Records,https://login.gaschecker.co.uk/gas-engineers/xml/domestic_landlord_gas_safety_records.php?certificate_id=MzMyMTU5MQ==
Flat 2 34 Newbold 2026,14-05-2026,Domestic Landlord Gas Safety Records,https://login.gaschecker.co.uk/gas-engineers/xml/domestic_landlord_gas_safety_records.php?certificate_id=MzMyMTU5Mg==
Flat 3 34 Newbold 2026,14-05-2026,Domestic Landlord Gas Safety Records,https://login.gaschecker.co.uk/gas-engineers/xml/domestic_landlord_gas_safety_records.php?certificate_id=MzMyMTU5Mw==
Flat 4 34 Newbold 2026,14-05-2026,Domestic Landlord Gas Safety Records,https://login.gaschecker.co.uk/gas-engineers/xml/domestic_landlord_gas_safety_records.php?certificate_id=MzMyMTU5NA==
Flat 5 34 Newbold 2026,14-05-2026,Domestic Landlord Gas Safety Records,https://login.gaschecker.co.uk/gas-engineers/xml/domestic_landlord_gas_safety_records.php?certificate_id=MzMyMTU5NQ==
Flat 6 34 Newbold 2026,14-05-2026,Domestic Landlord Gas Safety Records,https://login.gaschecker.co.uk/gas-engineers/xml/domestic_landlord_gas_safety_records.php?certificate_id=MzMyMTU5Ng==
Flat 7 34 Newbold 2026,14-05-2026,Domestic Landlord Gas Safety Records,https://login.gaschecker.co.uk/gas-engineers/xml/domestic_landlord_gas_safety_records.php?certificate_id=MzMyMTU5Nw==
Flat 8 34 Newbold 2026,14-05-2026,Domestic Landlord Gas Safety Records,https://login.gaschecker.co.uk/gas-engineers/xml/domestic_landlord_gas_safety_records.php?certificate_id=MzMyMTU5OA==
Flat A Basement 4 Warwick new Road 2026,14-05-2026,Domestic Landlord Gas Safety Records,https://login.gaschecker.co.uk/gas-engineers/xml/domestic_landlord_gas_safety_records.php?certificate_id=MzMyMTU5OQ==
Test Great,13-04-2026,Gas Checker Jobsheet,https://login.gaschecker.co.uk/gas-engineers/xml/gas_checker_jobsheet.php?certificate_id=MzMyMTYxMg==
Rffccxc,12-04-2026,Domestic Landlord Gas Safety Records,https://login.gaschecker.co.uk/gas-engineers/xml/domestic_landlord_gas_safety_records.php?certificate_id=MzMyMTYwMw==
Make It,02-04-2026,Gas Checker Jobsheet,https://login.gaschecker.co.uk/gas-engineers/xml/gas_checker_jobsheet.php?certificate_id=MzMyMTYxMQ==
Test 1234,31-03-2026,Leisure Industry Gas Safety Record,https://login.gaschecker.co.uk/gas-engineers/xml/leisure_industry_gas_safety_record.php?certificate_id=MzMyMTYwNQ==
Test 12345,31-03-2026,Liquid Petroleum Gas Safety Record,https://login.gaschecker.co.uk/gas-engineers/xml/liquid_petroleum_gas_safety_record.php?certificate_id=MzMyMTYwNg==
Commercial Test 123,31-03-2026,Non Domestic Gas Safety Record,https://login.gaschecker.co.uk/gas-engineers/xml/non_domestic_gas_safety_record.php?certificate_id=MzMyMTU5MA==
32 Swallowfield WR4 0NU,26-03-2026,Domestic Landlord Gas Safety Records,https://login.gaschecker.co.uk/gas-engineers/xml/domestic_landlord_gas_safety_records.php?certificate_id=MzI1NjY4OA==
Flat 6 Fallowfield WR4 0UB,26-03-2026,Domestic Landlord Gas Safety Records,https://login.gaschecker.co.uk/gas-engineers/xml/domestic_landlord_gas_safety_records.php?certificate_id=MzI1NjY5OQ==
Flat 8 Fallowfield WR4 0UB,26-03-2026,Domestic Landlord Gas Safety Records,https://login.gaschecker.co.uk/gas-engineers/xml/domestic_landlord_gas_safety_records.php?certificate_id=MzI1NjcwMA==
1 Station Close WR15 8PG,25-03-2026,Domestic Landlord Gas Safety Records,https://login.gaschecker.co.uk/gas-engineers/xml/domestic_landlord_gas_safety_records.php?certificate_id=MzI2NzAzNQ==
14 Beauchamp 505,11-03-2026,Domestic Landlord Gas Safety Records,https://login.gaschecker.co.uk/gas-engineers/xml/domestic_landlord_gas_safety_records.php?certificate_id=MzI2NzAzNg==
Flat 1 13 St Marys 2026,11-03-2026,Domestic Landlord Gas Safety Records,https://login.gaschecker.co.uk/gas-engineers/xml/domestic_landlord_gas_safety_records.php?certificate_id=MzI2NzA0MQ==
5 exmore drive 2026,10-03-2026,Gas Service Breakdown Record,https://login.gaschecker.co.uk/gas-engineers/xml/gas_service_breakdown_record.php?certificate_id=MzI2MzY4Nw==
Fair For You 2026,10-03-2026,Gas Service Breakdown Record,https://login.gaschecker.co.uk/gas-engineers/xml/gas_service_breakdown_record.php?certificate_id=MzI2MzY4OA==
8 Raeburn street,09-03-2026,Gas Service Breakdown Record,https://login.gaschecker.co.uk/gas-engineers/xml/gas_service_breakdown_record.php?certificate_id=MzI2MzE2OA==
148 Shrawley Court wr4 9jp,05-03-2026,Domestic Landlord Gas Safety Records,https://login.gaschecker.co.uk/gas-engineers/xml/domestic_landlord_gas_safety_records.php?certificate_id=MzI2NzAzNw==
152 Shrawley court wr4 9jp,05-03-2026,Domestic Landlord Gas Safety Records,https://login.gaschecker.co.uk/gas-engineers/xml/domestic_landlord_gas_safety_records.php?certificate_id=MzI2NzAzOA==
158 Shrawley Court WR4 9JP,05-03-2026,Domestic Landlord Gas Safety Records,https://login.gaschecker.co.uk/gas-engineers/xml/domestic_landlord_gas_safety_records.php?certificate_id=MzI2NzAzOQ==
181 Inkborrow Court WR4 9JW,05-03-2026,Domestic Landlord Gas Safety Records,https://login.gaschecker.co.uk/gas-engineers/xml/domestic_landlord_gas_safety_records.php?certificate_id=MzI2NzA0MA==
Flat 90 Arley Court WR4 9JP,05-03-2026,Domestic Landlord Gas Safety Records,https://login.gaschecker.co.uk/gas-engineers/xml/domestic_landlord_gas_safety_records.php?certificate_id=MzI2NzA0Mg==
11 Swallowfield WR4 0NU,26-02-2026,Domestic Landlord Gas Safety Records,https://login.gaschecker.co.uk/gas-engineers/xml/domestic_landlord_gas_safety_records.php?certificate_id=MzI1NjY3Ng==
2 Welland Court wr4 9js,26-02-2026,Domestic Landlord Gas Safety Records,https://login.gaschecker.co.uk/gas-engineers/xml/domestic_landlord_gas_safety_records.php?certificate_id=MzI1NjY4NA==
22 Ombersley Place Wr3 7et,26-02-2026,Domestic Landlord Gas Safety Records,https://login.gaschecker.co.uk/gas-engineers/xml/domestic_landlord_gas_safety_records.php?certificate_id=MzI1NjY4NQ==
26 Kemerton Place wr4 9jp,26-02-2026,Domestic Landlord Gas Safety Records,https://login.gaschecker.co.uk/gas-engineers/xml/domestic_landlord_gas_safety_records.php?certificate_id=MzI1NjY4Ng==
4 Welland Court wr4 9js,26-02-2026,Domestic Landlord Gas Safety Records,https://login.gaschecker.co.uk/gas-engineers/xml/domestic_landlord_gas_safety_records.php?certificate_id=MzI1NjY4OQ==
46 Saddlers Walk wr49 9jr,26-02-2026,Domestic Landlord Gas Safety Records,https://login.gaschecker.co.uk/gas-engineers/xml/domestic_landlord_gas_safety_records.php?certificate_id=MzI1NjY5MA==
Flat 102 Hanbury Court wr4 9jp,26-02-2026,Domestic Landlord Gas Safety Records,https://login.gaschecker.co.uk/gas-engineers/xml/domestic_landlord_gas_safety_records.php?certificate_id=MzI1NjY5Nw==
Flat 104 Hanbury Court wr4 9jp,26-02-2026,Domestic Landlord Gas Safety Records,https://login.gaschecker.co.uk/gas-engineers/xml/domestic_landlord_gas_safety_records.php?certificate_id=MzI1NjY5OA==
31 Oakwood grove 2006,26-02-2026,Gas Service Breakdown Record,https://login.gaschecker.co.uk/gas-engineers/xml/gas_service_breakdown_record.php?certificate_id=MzI1NjcwNA==
34 Hanworth Rd 2026,26-02-2026,Gas Service Breakdown Record,https://login.gaschecker.co.uk/gas-engineers/xml/gas_service_breakdown_record.php?certificate_id=MzI1NjcwNQ==
39 Charles Street 2026,26-02-2026,Gas Service Breakdown Record,https://login.gaschecker.co.uk/gas-engineers/xml/gas_service_breakdown_record.php?certificate_id=MzI1NjcwNg==
47 Laurels Cres 2026,26-02-2026,Gas Service Breakdown Record,https://login.gaschecker.co.uk/gas-engineers/xml/gas_service_breakdown_record.php?certificate_id=MzI1NjcwNw==
Lps 1 2026,26-02-2026,Gas Service Breakdown Record,https://login.gaschecker.co.uk/gas-engineers/xml/gas_service_breakdown_record.php?certificate_id=MzI1NjcwOA==
Lps 2 2026,26-02-2026,Gas Service Breakdown Record,https://login.gaschecker.co.uk/gas-engineers/xml/gas_service_breakdown_record.php?certificate_id=MzI1NjcwOQ==
Lps 3 2026,26-02-2026,Gas Service Breakdown Record,https://login.gaschecker.co.uk/gas-engineers/xml/gas_service_breakdown_record.php?certificate_id=MzI1NjcxMA==
Our lady of sacred heart 2026 Church,26-02-2026,Gas Service Breakdown Record,https://login.gaschecker.co.uk/gas-engineers/xml/gas_service_breakdown_record.php?certificate_id=MzI1NjcxMQ==
110 Goldsmith Road WR4 9FW,19-02-2026,Domestic Landlord Gas Safety Records,https://login.gaschecker.co.uk/gas-engineers/xml/domestic_landlord_gas_safety_records.php?certificate_id=MzI1NjY3Nw==
12 Kirkby Gardens WR4 9GJ,19-02-2026,Domestic Landlord Gas Safety Records,https://login.gaschecker.co.uk/gas-engineers/xml/domestic_landlord_gas_safety_records.php?certificate_id=MzI1NjY3OA==
120 Goldsmith Road WR4 9FW,19-02-2026,Domestic Landlord Gas Safety Records,https://login.gaschecker.co.uk/gas-engineers/xml/domestic_landlord_gas_safety_records.php?certificate_id=MzI1NjY3OQ==
13 Goldsmith Road WR4 9FW,19-02-2026,Domestic Landlord Gas Safety Records,https://login.gaschecker.co.uk/gas-engineers/xml/domestic_landlord_gas_safety_records.php?certificate_id=MzI1NjY4MA==
154 Valley Road 2026,19-02-2026,Domestic Landlord Gas Safety Records,https://login.gaschecker.co.uk/gas-engineers/xml/domestic_landlord_gas_safety_records.php?certificate_id=MzI1NjY4MQ==
189 Wylds Lane WR5 1EL,19-02-2026,Domestic Landlord Gas Safety Records,https://login.gaschecker.co.uk/gas-engineers/xml/domestic_landlord_gas_safety_records.php?certificate_id=MzI1NjY4Mg==
2 Coppice Close WR2 6JR,19-02-2026,Domestic Landlord Gas Safety Records,https://login.gaschecker.co.uk/gas-engineers/xml/domestic_landlord_gas_safety_records.php?certificate_id=MzI1NjY4Mw==
29 Goldsmith Road WR4 9FW,19-02-2026,Domestic Landlord Gas Safety Records,https://login.gaschecker.co.uk/gas-engineers/xml/domestic_landlord_gas_safety_records.php?certificate_id=MzI1NjY4Nw==
54 Goldsmith Road WR4 9FW,19-02-2026,Domestic Landlord Gas Safety Records,https://login.gaschecker.co.uk/gas-engineers/xml/domestic_landlord_gas_safety_records.php?certificate_id=MzI1NjY5MQ==
56 Goldsmith Road WR4 9FW,19-02-2026,Domestic Landlord Gas Safety Records,https://login.gaschecker.co.uk/gas-engineers/xml/domestic_landlord_gas_safety_records.php?certificate_id=MzI1NjY5Mg==
66 Goldsmith Road WR4 9FW,19-02-2026,Domestic Landlord Gas Safety Records,https://login.gaschecker.co.uk/gas-engineers/xml/domestic_landlord_gas_safety_records.php?certificate_id=MzI1NjY5Mw==
76 Goldsmith Road WR4 9FW,19-02-2026,Domestic Landlord Gas Safety Records,https://login.gaschecker.co.uk/gas-engineers/xml/domestic_landlord_gas_safety_records.php?certificate_id=MzI1NjY5NA==
78 Goldsmith Road WR4 9FW,19-02-2026,Domestic Landlord Gas Safety Records,https://login.gaschecker.co.uk/gas-engineers/xml/domestic_landlord_gas_safety_records.php?certificate_id=MzI1NjY5NQ==
Flat 1 65 Goldsmith Road WR4 9FW,19-02-2026,Domestic Landlord Gas Safety Records,https://login.gaschecker.co.uk/gas-engineers/xml/domestic_landlord_gas_safety_records.php?certificate_id=MzI1NjY5Ng==
16 Redcar Close 2026,19-02-2026,Gas Service Breakdown Record,https://login.gaschecker.co.uk/gas-engineers/xml/gas_service_breakdown_record.php?certificate_id=MzI1NjcwMQ==
17 North Villers Street 2026,19-02-2026,Gas Service Breakdown Record,https://login.gaschecker.co.uk/gas-engineers/xml/gas_service_breakdown_record.php?certificate_id=MzI1NjcwMg==
29Snowshilldrive 2026,19-02-2026,Gas Service Breakdown Record,https://login.gaschecker.co.uk/gas-engineers/xml/gas_service_breakdown_record.php?certificate_id=MzI1NjcwMw==
17 Baberton Mains Row Uni,16-02-2026,Gas Service Breakdown Record,https://login.gaschecker.co.uk/gas-engineers/xml/gas_service_breakdown_record.php?certificate_id=MzI0Nzc5OQ==
44 Glendon Road 2026,12-02-2026,Domestic Landlord Gas Safety Records,https://login.gaschecker.co.uk/gas-engineers/xml/domestic_landlord_gas_safety_records.php?certificate_id=MzIzNjg0Mg==
53 Michaels Road 2026,12-02-2026,Domestic Landlord Gas Safety Records,https://login.gaschecker.co.uk/gas-engineers/xml/domestic_landlord_gas_safety_records.php?certificate_id=MzIzNjg0Mw==
102A Haslucks Green Road 2026,12-02-2026,Gas Service Breakdown Record,https://login.gaschecker.co.uk/gas-engineers/xml/gas_service_breakdown_record.php?certificate_id=MzIzNjg0NA==
110 Haslucks Green Road 2026,12-02-2026,Gas Service Breakdown Record,https://login.gaschecker.co.uk/gas-engineers/xml/gas_service_breakdown_record.php?certificate_id=MzIzNjg0NQ==
20 Kings Road 2026,12-02-2026,Gas Service Breakdown Record,https://login.gaschecker.co.uk/gas-engineers/xml/gas_service_breakdown_record.php?certificate_id=MzIzNjg0Nw==
21 Tenbury Close 2026,12-02-2026,Gas Service Breakdown Record,https://login.gaschecker.co.uk/gas-engineers/xml/gas_service_breakdown_record.php?certificate_id=MzIzNjg0OA==
23 The Limes 2026,12-02-2026,Gas Service Breakdown Record,https://login.gaschecker.co.uk/gas-engineers/xml/gas_service_breakdown_record.php?certificate_id=MzIzNjg0OQ==
46 Newbold Terrace East 20261,10-02-2026,Gas Service Breakdown Record,https://login.gaschecker.co.uk/gas-engineers/xml/gas_service_breakdown_record.php?certificate_id=MzMyMTYwOA==
2 Coppice Close WR2 6JR Warning,09-02-2026,Gas Checker Gas Warning Notice Dan,https://login.gaschecker.co.uk/gas-engineers/xml/gas_checker_gas_warning_notice_dan.php?certificate_id=MzI1NjcxMg==
Flat 16 Quinton Lodge Cv3 5QL-Citizen Housing Group Ltd-05Feb2026,05-02-2026,Domestic Landlord Gas Safety Records,https://login.gaschecker.co.uk/gas-engineers/xml/domestic_landlord_gas_safety_records.php?certificate_id=MzIzNDg1Nw==
11 sunset close 2026,05-02-2026,Gas Service Breakdown Record,https://login.gaschecker.co.uk/gas-engineers/xml/gas_service_breakdown_record.php?certificate_id=MzIzNDg1OA==
16 Barlow Avenue 2026,05-02-2026,Gas Service Breakdown Record,https://login.gaschecker.co.uk/gas-engineers/xml/gas_service_breakdown_record.php?certificate_id=MzIzNDg1OQ==
19 Farr Drive 2026,05-02-2026,Gas Service Breakdown Record,https://login.gaschecker.co.uk/gas-engineers/xml/gas_service_breakdown_record.php?certificate_id=MzIzNDg2MA==
26 Sycamore Grove 2026,05-02-2026,Gas Service Breakdown Record,https://login.gaschecker.co.uk/gas-engineers/xml/gas_service_breakdown_record.php?certificate_id=MzIzNDg2MQ==
4 Beauchamp Road 2026,05-02-2026,Gas Service Breakdown Record,https://login.gaschecker.co.uk/gas-engineers/xml/gas_service_breakdown_record.php?certificate_id=MzIzNDg2Mg==
20 Harcourt  CV3 3FQ,30-01-2026,Domestic Landlord Gas Safety Records,https://login.gaschecker.co.uk/gas-engineers/xml/domestic_landlord_gas_safety_records.php?certificate_id=MzIzNDg1NQ==
24 Chepstow close CV3 3HG,29-01-2026,Domestic Landlord Gas Safety Records,https://login.gaschecker.co.uk/gas-engineers/xml/domestic_landlord_gas_safety_records.php?certificate_id=MzIzNDg1Ng==
1 Hardy Close 2026,29-01-2026,Gas Service Breakdown Record,https://login.gaschecker.co.uk/gas-engineers/xml/gas_service_breakdown_record.php?certificate_id=MzIyNTgyNQ==
37 Kerswell Drive 2026,29-01-2026,Gas Service Breakdown Record,https://login.gaschecker.co.uk/gas-engineers/xml/gas_service_breakdown_record.php?certificate_id=MzIyNTgyNg==
65 Hampton Road 2026,29-01-2026,Gas Service Breakdown Record,https://login.gaschecker.co.uk/gas-engineers/xml/gas_service_breakdown_record.php?certificate_id=MzIyNTgyOQ==
Flat 16 Quinton Lodge Cv3 5QL-Citizen Housing Group Ltd-22Jan2026,22-01-2026,Domestic Landlord Gas Safety Records,https://login.gaschecker.co.uk/gas-engineers/xml/domestic_landlord_gas_safety_records.php?certificate_id=MzIyMDgyMA==
11 Brentwood Close 2025,22-01-2026,Gas Service Breakdown Record,https://login.gaschecker.co.uk/gas-engineers/xml/gas_service_breakdown_record.php?certificate_id=MzIxODU0MQ==
2 Beauchamp Avenue 2026 1 Right,22-01-2026,Gas Service Breakdown Record,https://login.gaschecker.co.uk/gas-engineers/xml/gas_service_breakdown_record.php?certificate_id=MzIxODU0Mg==
2 Beauchamp Avenue 2026 Left,22-01-2026,Gas Service Breakdown Record,https://login.gaschecker.co.uk/gas-engineers/xml/gas_service_breakdown_record.php?certificate_id=MzIxODU0Mw==
44 nutbrook avenue 2026,22-01-2026,Gas Service Breakdown Record,https://login.gaschecker.co.uk/gas-engineers/xml/gas_service_breakdown_record.php?certificate_id=MzIxODU0NA==
7 Brimstone End 2026,22-01-2026,Gas Service Breakdown Record,https://login.gaschecker.co.uk/gas-engineers/xml/gas_service_breakdown_record.php?certificate_id=MzIxODU0NQ==
101 Hampton Road CV6 5GD,22-01-2026,Domestic Landlord Gas Safety Records,https://login.gaschecker.co.uk/gas-engineers/xml/domestic_landlord_gas_safety_records.php?certificate_id=MzIxODU4Ng==
30 Hampton Road CV6 5GE,22-01-2026,Domestic Landlord Gas Safety Records,https://login.gaschecker.co.uk/gas-engineers/xml/domestic_landlord_gas_safety_records.php?certificate_id=MzIxODU4Nw==
57 Kings street 2026,20-01-2026,Domestic Landlord Gas Safety Records,https://login.gaschecker.co.uk/gas-engineers/xml/domestic_landlord_gas_safety_records.php?certificate_id=MzIxODUzOQ==
105 Hearsall Lane 2026,19-01-2026,Domestic Landlord Gas Safety Records,https://login.gaschecker.co.uk/gas-engineers/xml/domestic_landlord_gas_safety_records.php?certificate_id=MzIxNDIwOA==
135 Hearsall Lane 2026,19-01-2026,Domestic Landlord Gas Safety Records,https://login.gaschecker.co.uk/gas-engineers/xml/domestic_landlord_gas_safety_records.php?certificate_id=MzIxNDIxMQ==
22 Quensland 2026,19-01-2026,Domestic Landlord Gas Safety Records,https://login.gaschecker.co.uk/gas-engineers/xml/domestic_landlord_gas_safety_records.php?certificate_id=MzIxNDIxMw==
26 Kingsland Ave 2026,19-01-2026,Domestic Landlord Gas Safety Records,https://login.gaschecker.co.uk/gas-engineers/xml/domestic_landlord_gas_safety_records.php?certificate_id=MzIxNDIxNQ==
36 Quensland Avenue 2026,19-01-2026,Domestic Landlord Gas Safety Records,https://login.gaschecker.co.uk/gas-engineers/xml/domestic_landlord_gas_safety_records.php?certificate_id=MzIxNDIxOQ==
85 Kensington 2026,19-01-2026,Domestic Landlord Gas Safety Records,https://login.gaschecker.co.uk/gas-engineers/xml/domestic_landlord_gas_safety_records.php?certificate_id=MzIxNDIyNw==
5 Atkins Croft 2026,19-01-2026,Gas Service Breakdown Record,https://login.gaschecker.co.uk/gas-engineers/xml/gas_service_breakdown_record.php?certificate_id=MzIxNDIzOQ==
15 Boar Croft CV4 9SJ,15-01-2026,Domestic Landlord Gas Safety Records,https://login.gaschecker.co.uk/gas-engineers/xml/domestic_landlord_gas_safety_records.php?certificate_id=MzIxNjc0Nw==
3 Chepstow Close CV3 3HG,15-01-2026,Domestic Landlord Gas Safety Records,https://login.gaschecker.co.uk/gas-engineers/xml/domestic_landlord_gas_safety_records.php?certificate_id=MzIxNjc0OA==
4 Tulliver Street CV6 3BY,15-01-2026,Domestic Landlord Gas Safety Records,https://login.gaschecker.co.uk/gas-engineers/xml/domestic_landlord_gas_safety_records.php?certificate_id=MzIxNjc0OQ==
61 Bell Green Road CV6 7GQ,15-01-2026,Domestic Landlord Gas Safety Records,https://login.gaschecker.co.uk/gas-engineers/xml/domestic_landlord_gas_safety_records.php?certificate_id=MzIxNjc1MA==
Flat 20 Harcourt CV3 3FQ,15-01-2026,Domestic Landlord Gas Safety Records,https://login.gaschecker.co.uk/gas-engineers/xml/domestic_landlord_gas_safety_records.php?certificate_id=MzIxNjc1Mg==
Flat 58 Quinton Park CV3 5HX,15-01-2026,Domestic Landlord Gas Safety Records,https://login.gaschecker.co.uk/gas-engineers/xml/domestic_landlord_gas_safety_records.php?certificate_id=MzIxNjc1Mw==
Flat 60 Gravel Hill CV4 9JH,15-01-2026,Domestic Landlord Gas Safety Records,https://login.gaschecker.co.uk/gas-engineers/xml/domestic_landlord_gas_safety_records.php?certificate_id=MzIxNjc1NA==
53 Kings Street 2026,15-01-2026,Domestic Landlord Gas Safety Records,https://login.gaschecker.co.uk/gas-engineers/xml/domestic_landlord_gas_safety_records.php?certificate_id=MzIxNDIyMQ==
55 King St Bedworth CV12 8JD,15-01-2026,Domestic Landlord Gas Safety Records,https://login.gaschecker.co.uk/gas-engineers/xml/domestic_landlord_gas_safety_records.php?certificate_id=MzIxNDIyMg==
59 Kings Street 2026,15-01-2026,Domestic Landlord Gas Safety Records,https://login.gaschecker.co.uk/gas-engineers/xml/domestic_landlord_gas_safety_records.php?certificate_id=MzIxNDIyMw==
59 Kings Street 2026 Ser,15-01-2026,Gas Service Breakdown Record,https://login.gaschecker.co.uk/gas-engineers/xml/gas_service_breakdown_record.php?certificate_id=MzIxNDI0MA==
Our lady of sacred heart 2026,15-01-2026,Gas Service Breakdown Record,https://login.gaschecker.co.uk/gas-engineers/xml/gas_service_breakdown_record.php?certificate_id=MzIxNDI0Ng==
Flat 16 Quinton Lodge Cv3 5QL,14-01-2026,Domestic Landlord Gas Safety Records,https://login.gaschecker.co.uk/gas-engineers/xml/domestic_landlord_gas_safety_records.php?certificate_id=MzIxODU4OA==
43 Wellington Road 2026,12-01-2026,Gas Service Breakdown Record,https://login.gaschecker.co.uk/gas-engineers/xml/gas_service_breakdown_record.php?certificate_id=MzIyNTgyNw==
22 Edward street 2026,10-01-2026,Domestic Landlord Gas Safety Records,https://login.gaschecker.co.uk/gas-engineers/xml/domestic_landlord_gas_safety_records.php?certificate_id=MzIxODUzOA==
Flat 65 Upperpark CV3 3GJ,09-01-2026,Domestic Landlord Gas Safety Records,https://login.gaschecker.co.uk/gas-engineers/xml/domestic_landlord_gas_safety_records.php?certificate_id=MzIxNjc1NQ==
43 Wellington Road 2026 1,09-01-2026,Gas Service Breakdown Record,https://login.gaschecker.co.uk/gas-engineers/xml/gas_service_breakdown_record.php?certificate_id=MzIyNTgyOA==
Flat 128 Whitworth Avenue CV3 1EY,08-01-2026,Domestic Landlord Gas Safety Records,https://login.gaschecker.co.uk/gas-engineers/xml/domestic_landlord_gas_safety_records.php?certificate_id=MzIxNjc1MQ==
12 The Cornfield CV3 1FE,18-12-2025,Domestic Landlord Gas Safety Records,https://login.gaschecker.co.uk/gas-engineers/xml/domestic_landlord_gas_safety_records.php?certificate_id=MzIxNDIxMA==
31 Brathay Close CV3 5PR,18-12-2025,Domestic Landlord Gas Safety Records,https://login.gaschecker.co.uk/gas-engineers/xml/domestic_landlord_gas_safety_records.php?certificate_id=MzIxNDIxNw==
Flat 33 James Croft CV3 3FH,18-12-2025,Domestic Landlord Gas Safety Records,https://login.gaschecker.co.uk/gas-engineers/xml/domestic_landlord_gas_safety_records.php?certificate_id=MzIxNDIzMA==
Flat 39 Leasows Avenue CV3 6BH,18-12-2025,Domestic Landlord Gas Safety Records,https://login.gaschecker.co.uk/gas-engineers/xml/domestic_landlord_gas_safety_records.php?certificate_id=MzIxNDIzMQ==
20 Withybrook Rd 2025,16-12-2025,Domestic Landlord Gas Safety Records,https://login.gaschecker.co.uk/gas-engineers/xml/domestic_landlord_gas_safety_records.php?certificate_id=MzIxNDIxMg==
12 Grapes Close Cv6 1LZ,11-12-2025,Domestic Landlord Gas Safety Records,https://login.gaschecker.co.uk/gas-engineers/xml/domestic_landlord_gas_safety_records.php?certificate_id=MzIxNDIwOQ==
24 Hampton Road CV6 5GE,11-12-2025,Domestic Landlord Gas Safety Records,https://login.gaschecker.co.uk/gas-engineers/xml/domestic_landlord_gas_safety_records.php?certificate_id=MzIxNDIxNA==
2a Dormer Harris CV4 9JW,11-12-2025,Domestic Landlord Gas Safety Records,https://login.gaschecker.co.uk/gas-engineers/xml/domestic_landlord_gas_safety_records.php?certificate_id=MzIxNDIxNg==
34 Mulberry Road Cv6 7HY,11-12-2025,Domestic Landlord Gas Safety Records,https://login.gaschecker.co.uk/gas-engineers/xml/domestic_landlord_gas_safety_records.php?certificate_id=MzIxNDIxOA==
50 Heathcote Street CV6 3BJ,11-12-2025,Domestic Landlord Gas Safety Records,https://login.gaschecker.co.uk/gas-engineers/xml/domestic_landlord_gas_safety_records.php?certificate_id=MzIxNDIyMA==
60 Outermarch CV6 3HA,11-12-2025,Domestic Landlord Gas Safety Records,https://login.gaschecker.co.uk/gas-engineers/xml/domestic_landlord_gas_safety_records.php?certificate_id=MzIxNDIyNA==
72 Miles Meadow CV6 7HQ,11-12-2025,Domestic Landlord Gas Safety Records,https://login.gaschecker.co.uk/gas-engineers/xml/domestic_landlord_gas_safety_records.php?certificate_id=MzIxNDIyNQ==
76 Heathcote Street CV6 3BJ,11-12-2025,Domestic Landlord Gas Safety Records,https://login.gaschecker.co.uk/gas-engineers/xml/domestic_landlord_gas_safety_records.php?certificate_id=MzIxNDIyNg==
Flat 150 Hewitt Avenue CV6 1NL,11-12-2025,Domestic Landlord Gas Safety Records,https://login.gaschecker.co.uk/gas-engineers/xml/domestic_landlord_gas_safety_records.php?certificate_id=MzIxNDIyOA==
Flat 320 Middlemarch Road CV6 3GP,11-12-2025,Domestic Landlord Gas Safety Records,https://login.gaschecker.co.uk/gas-engineers/xml/domestic_landlord_gas_safety_records.php?certificate_id=MzIxNDIyOQ==
11 Warren Court 2025,11-12-2025,Gas Service Breakdown Record,https://login.gaschecker.co.uk/gas-engineers/xml/gas_service_breakdown_record.php?certificate_id=MzIxNDIzNA==
12 Dovehouse Lane 2025,11-12-2025,Gas Service Breakdown Record,https://login.gaschecker.co.uk/gas-engineers/xml/gas_service_breakdown_record.php?certificate_id=MzIxNDIzNQ==
140 Boyne Road 20251,11-12-2025,Gas Service Breakdown Record,https://login.gaschecker.co.uk/gas-engineers/xml/gas_service_breakdown_record.php?certificate_id=MzIxNDIzNg==
2 Shirley Gardens 2025,11-12-2025,Gas Service Breakdown Record,https://login.gaschecker.co.uk/gas-engineers/xml/gas_service_breakdown_record.php?certificate_id=MzIxNDIzNw==
7 Seymour Cl 2025,11-12-2025,Gas Service Breakdown Record,https://login.gaschecker.co.uk/gas-engineers/xml/gas_service_breakdown_record.php?certificate_id=MzIxNDI0Mg==
7a Seymore Close 2025,11-12-2025,Gas Service Breakdown Record,https://login.gaschecker.co.uk/gas-engineers/xml/gas_service_breakdown_record.php?certificate_id=MzIxNDI0Mw==
81 Fallindale Road 2025,11-12-2025,Gas Service Breakdown Record,https://login.gaschecker.co.uk/gas-engineers/xml/gas_service_breakdown_record.php?certificate_id=MzIxNDI0NA==
84 Newbrook Street 2025,11-12-2025,Gas Service Breakdown Record,https://login.gaschecker.co.uk/gas-engineers/xml/gas_service_breakdown_record.php?certificate_id=MzIxNDI0NQ==
1 Mossdale Road CV6 3HG,04-12-2025,Domestic Landlord Gas Safety Records,https://login.gaschecker.co.uk/gas-engineers/xml/domestic_landlord_gas_safety_records.php?certificate_id=MzE4NjQzMw==
18 Chingford Road CV6 6HA Before,04-12-2025,Domestic Landlord Gas Safety Records,https://login.gaschecker.co.uk/gas-engineers/xml/domestic_landlord_gas_safety_records.php?certificate_id=MzE4NjQzOA==
24 Guard House Road CV6 3DT Before,04-12-2025,Domestic Landlord Gas Safety Records,https://login.gaschecker.co.uk/gas-engineers/xml/domestic_landlord_gas_safety_records.php?certificate_id=MzE4NjQ0MQ==
26 Tallants Road CV6 7FT,04-12-2025,Domestic Landlord Gas Safety Records,https://login.gaschecker.co.uk/gas-engineers/xml/domestic_landlord_gas_safety_records.php?certificate_id=MzE4NjQ0Mw==
398 Middlemarch Road CV6 3GR Before,04-12-2025,Domestic Landlord Gas Safety Records,https://login.gaschecker.co.uk/gas-engineers/xml/domestic_landlord_gas_safety_records.php?certificate_id=MzE4NjQ0Ng==
51 Burnham Road 2026,04-12-2025,Domestic Landlord Gas Safety Records,https://login.gaschecker.co.uk/gas-engineers/xml/domestic_landlord_gas_safety_records.php?certificate_id=MzE4NjQ0OA==
86 Blackwatch Road CV6 3GW Before,04-12-2025,Domestic Landlord Gas Safety Records,https://login.gaschecker.co.uk/gas-engineers/xml/domestic_landlord_gas_safety_records.php?certificate_id=MzE4NjQ1Mw==
87 Guard House Road CV6 3DU Before,04-12-2025,Domestic Landlord Gas Safety Records,https://login.gaschecker.co.uk/gas-engineers/xml/domestic_landlord_gas_safety_records.php?certificate_id=MzE4NjQ1NA==
Flat 58 Miles Meadow CV6 7HQ Before,04-12-2025,Domestic Landlord Gas Safety Records,https://login.gaschecker.co.uk/gas-engineers/xml/domestic_landlord_gas_safety_records.php?certificate_id=MzE4NjQ1OA==
16 Longleat Road 2025,04-12-2025,Gas Service Breakdown Record,https://login.gaschecker.co.uk/gas-engineers/xml/gas_service_breakdown_record.php?certificate_id=MzE4NjQ2MQ==
17 Villiers Street 2025,03-12-2025,Domestic Landlord Gas Safety Records,https://login.gaschecker.co.uk/gas-engineers/xml/domestic_landlord_gas_safety_records.php?certificate_id=MzE4NjQzNw==
30 Clarendon St Earlsdaon 2025,03-12-2025,Domestic Landlord Gas Safety Records,https://login.gaschecker.co.uk/gas-engineers/xml/domestic_landlord_gas_safety_records.php?certificate_id=MzE4NjQ0NA==
108 Homefarm Cres 2025,03-12-2025,Gas Service Breakdown Record,https://login.gaschecker.co.uk/gas-engineers/xml/gas_service_breakdown_record.php?certificate_id=MzE4NjQ2MA==
20 Beake Avenue CV6 3AR,27-11-2025,Domestic Landlord Gas Safety Records,https://login.gaschecker.co.uk/gas-engineers/xml/domestic_landlord_gas_safety_records.php?certificate_id=MzE4NjQ0MA==
34 Crampers Field CV6 1HP,27-11-2025,Domestic Landlord Gas Safety Records,https://login.gaschecker.co.uk/gas-engineers/xml/domestic_landlord_gas_safety_records.php?certificate_id=MzE4NjQ0NQ==
48 Bridgecote CV3 3FF,27-11-2025,Domestic Landlord Gas Safety Records,https://login.gaschecker.co.uk/gas-engineers/xml/domestic_landlord_gas_safety_records.php?certificate_id=MzE4NjQ0Nw==
55 Heathcote Street CV6 3BL,27-11-2025,Domestic Landlord Gas Safety Records,https://login.gaschecker.co.uk/gas-engineers/xml/domestic_landlord_gas_safety_records.php?certificate_id=MzE4NjQ0OQ==
56 Outermarch Road CV6 3HA,27-11-2025,Domestic Landlord Gas Safety Records,https://login.gaschecker.co.uk/gas-engineers/xml/domestic_landlord_gas_safety_records.php?certificate_id=MzE4NjQ1MA==
60 Foster Road CV6 3BG,27-11-2025,Domestic Landlord Gas Safety Records,https://login.gaschecker.co.uk/gas-engineers/xml/domestic_landlord_gas_safety_records.php?certificate_id=MzE4NjQ1MQ==
Flat 17 Dormer Harris Avenue CV4 9JW,27-11-2025,Domestic Landlord Gas Safety Records,https://login.gaschecker.co.uk/gas-engineers/xml/domestic_landlord_gas_safety_records.php?certificate_id=MzE4NjQ1Ng==
Flat 380 Dunsmore Avenue CV3 3HB,27-11-2025,Domestic Landlord Gas Safety Records,https://login.gaschecker.co.uk/gas-engineers/xml/domestic_landlord_gas_safety_records.php?certificate_id=MzE4NjQ1Nw==
1 Shirley Gardens 2025,27-11-2025,Gas Service Breakdown Record,https://login.gaschecker.co.uk/gas-engineers/xml/gas_service_breakdown_record.php?certificate_id=MzE4NjQ1OQ==
28 The Wardens Kenilworth CV8 2UH,27-11-2025,Gas Service Breakdown Record,https://login.gaschecker.co.uk/gas-engineers/xml/gas_service_breakdown_record.php?certificate_id=MzE4NjQ2Mg==
3 Shirley Gardens 2025,27-11-2025,Gas Service Breakdown Record,https://login.gaschecker.co.uk/gas-engineers/xml/gas_service_breakdown_record.php?certificate_id=MzE4NjQ2Mw==
82 Main Road 2025,27-11-2025,Gas Service Breakdown Record,https://login.gaschecker.co.uk/gas-engineers/xml/gas_service_breakdown_record.php?certificate_id=MzE4NjQ2NA==
84 Main Road 2005,27-11-2025,Gas Service Breakdown Record,https://login.gaschecker.co.uk/gas-engineers/xml/gas_service_breakdown_record.php?certificate_id=MzE4NjQ2NQ==
86 Main Road 2025,27-11-2025,Gas Service Breakdown Record,https://login.gaschecker.co.uk/gas-engineers/xml/gas_service_breakdown_record.php?certificate_id=MzE4NjQ2Ng==
88 Main Road 2025,27-11-2025,Gas Service Breakdown Record,https://login.gaschecker.co.uk/gas-engineers/xml/gas_service_breakdown_record.php?certificate_id=MzE4NjQ2Nw==
10 Cottage Farm Road CV6 2FX,20-11-2025,Domestic Landlord Gas Safety Records,https://login.gaschecker.co.uk/gas-engineers/xml/domestic_landlord_gas_safety_records.php?certificate_id=MzE4NjQzNA==
114 Foster Road CV6 3AS,20-11-2025,Domestic Landlord Gas Safety Records,https://login.gaschecker.co.uk/gas-engineers/xml/domestic_landlord_gas_safety_records.php?certificate_id=MzE4NjQzNQ==
14 Lesingham Drive CV4 9JT,20-11-2025,Domestic Landlord Gas Safety Records,https://login.gaschecker.co.uk/gas-engineers/xml/domestic_landlord_gas_safety_records.php?certificate_id=MzE4NjQzNg==
19 Dormer Harris avenue CV4 9JW,20-11-2025,Domestic Landlord Gas Safety Records,https://login.gaschecker.co.uk/gas-engineers/xml/domestic_landlord_gas_safety_records.php?certificate_id=MzE4NjQzOQ==
25 Pinley Fields CV3 1DD,20-11-2025,Domestic Landlord Gas Safety Records,https://login.gaschecker.co.uk/gas-engineers/xml/domestic_landlord_gas_safety_records.php?certificate_id=MzE4NjQ0Mg==
66 Bushberry Avenue CV4 9NU,20-11-2025,Domestic Landlord Gas Safety Records,https://login.gaschecker.co.uk/gas-engineers/xml/domestic_landlord_gas_safety_records.php?certificate_id=MzE4NjQ1Mg==
91 Charter Avenue CV4 8EP,20-11-2025,Domestic Landlord Gas Safety Records,https://login.gaschecker.co.uk/gas-engineers/xml/domestic_landlord_gas_safety_records.php?certificate_id=MzE4NjQ1NQ==
11 glebe crescent cv81ja 2025,20-11-2025,Gas Service Breakdown Record,https://login.gaschecker.co.uk/gas-engineers/xml/gas_service_breakdown_record.php?certificate_id=MzE3Mzg0Nw==
41 Lime Avenue 2025,20-11-2025,Gas Service Breakdown Record,https://login.gaschecker.co.uk/gas-engineers/xml/gas_service_breakdown_record.php?certificate_id=MzE3Mzg0OA==
178 Bell Green Road CV6 7GX Before,13-11-2025,Domestic Landlord Gas Safety Records,https://login.gaschecker.co.uk/gas-engineers/xml/domestic_landlord_gas_safety_records.php?certificate_id=MzE3Mjk1MQ==
49 Bulwer Road CV6 3AG Before,13-11-2025,Domestic Landlord Gas Safety Records,https://login.gaschecker.co.uk/gas-engineers/xml/domestic_landlord_gas_safety_records.php?certificate_id=MzE3Mjk1Mg==
97 Hewitt Avenue CV6 1N Before,13-11-2025,Domestic Landlord Gas Safety Records,https://login.gaschecker.co.uk/gas-engineers/xml/domestic_landlord_gas_safety_records.php?certificate_id=MzE3Mjk1Mw==
Flat 113 Plants Hill Crescent CV4 9RQ Before,13-11-2025,Domestic Landlord Gas Safety Records,https://login.gaschecker.co.uk/gas-engineers/xml/domestic_landlord_gas_safety_records.php?certificate_id=MzE3Mjk1NA==
Flat 14 Hawthorne Lane CV4 9LB Before,13-11-2025,Domestic Landlord Gas Safety Records,https://login.gaschecker.co.uk/gas-engineers/xml/domestic_landlord_gas_safety_records.php?certificate_id=MzE3Mjk1NQ==
Flat 20 Hewitt Avenue CV6 1NG Before,13-11-2025,Domestic Landlord Gas Safety Records,https://login.gaschecker.co.uk/gas-engineers/xml/domestic_landlord_gas_safety_records.php?certificate_id=MzE3Mjk1Ng==
Flat 31 Bohun Street CV4 9SB Before,13-11-2025,Domestic Landlord Gas Safety Records,https://login.gaschecker.co.uk/gas-engineers/xml/domestic_landlord_gas_safety_records.php?certificate_id=MzE3Mjk1Nw==
Flat 49A Roosevelt Close CV4 9LJBefore,13-11-2025,Domestic Landlord Gas Safety Records,https://login.gaschecker.co.uk/gas-engineers/xml/domestic_landlord_gas_safety_records.php?certificate_id=MzE3Mjk1OA==
5 Hopton Close 2025,13-11-2025,Domestic Landlord Gas Safety Records,https://login.gaschecker.co.uk/gas-engineers/xml/domestic_landlord_gas_safety_records.php?certificate_id=MzE2ODc1NA==
578 Broad Lane 2025,13-11-2025,Domestic Landlord Gas Safety Records,https://login.gaschecker.co.uk/gas-engineers/xml/domestic_landlord_gas_safety_records.php?certificate_id=MzE2ODc1Ng==
580 Broad Lane 2025,13-11-2025,Domestic Landlord Gas Safety Records,https://login.gaschecker.co.uk/gas-engineers/xml/domestic_landlord_gas_safety_records.php?certificate_id=MzE2ODc1Nw==
1 Cromes Wood 2025,13-11-2025,Gas Service Breakdown Record,https://login.gaschecker.co.uk/gas-engineers/xml/gas_service_breakdown_record.php?certificate_id=MzE2ODc2MA==
1 cromes wood 2025 1,13-11-2025,Gas Service Breakdown Record,https://login.gaschecker.co.uk/gas-engineers/xml/gas_service_breakdown_record.php?certificate_id=MzE2ODc2MQ==
54 Willoughby Avenue 2025,13-11-2025,Gas Service Breakdown Record,https://login.gaschecker.co.uk/gas-engineers/xml/gas_service_breakdown_record.php?certificate_id=MzE2ODc2Mg==
68 Sansome Road 2025,13-11-2025,Gas Service Breakdown Record,https://login.gaschecker.co.uk/gas-engineers/xml/gas_service_breakdown_record.php?certificate_id=MzE2ODc2Mw==
19 Wells Road 2025,11-11-2025,Gas Service Breakdown Record,https://login.gaschecker.co.uk/gas-engineers/xml/gas_service_breakdown_record.php?certificate_id=MzIzNjg0Ng==
16 Queens Avenue 2025,06-11-2025,Gas Service Breakdown Record,https://login.gaschecker.co.uk/gas-engineers/xml/gas_service_breakdown_record.php?certificate_id=MzE2MTE0MQ==
29 Kelvin Road 2025,06-11-2025,Gas Service Breakdown Record,https://login.gaschecker.co.uk/gas-engineers/xml/gas_service_breakdown_record.php?certificate_id=MzE2MTE0Mw==
3 Fryer Ave 2025,06-11-2025,Gas Service Breakdown Record,https://login.gaschecker.co.uk/gas-engineers/xml/gas_service_breakdown_record.php?certificate_id=MzE2MTE0NA==
30 Kelvin Road 20225,06-11-2025,Gas Service Breakdown Record,https://login.gaschecker.co.uk/gas-engineers/xml/gas_service_breakdown_record.php?certificate_id=MzE2MTE0NQ==
11 Chamberlains Green CV6 2DH Before,06-11-2025,Domestic Landlord Gas Safety Records,https://login.gaschecker.co.uk/gas-engineers/xml/domestic_landlord_gas_safety_records.php?certificate_id=MzE2ODc0OQ==
116 Foster Road CV6 3AS,06-11-2025,Domestic Landlord Gas Safety Records,https://login.gaschecker.co.uk/gas-engineers/xml/domestic_landlord_gas_safety_records.php?certificate_id=MzE2ODc1MA==
192 Sadler Road CV6 2LN,06-11-2025,Domestic Landlord Gas Safety Records,https://login.gaschecker.co.uk/gas-engineers/xml/domestic_landlord_gas_safety_records.php?certificate_id=MzE2ODc1MQ==
2 Grape Close CV6 1LZ Before,06-11-2025,Domestic Landlord Gas Safety Records,https://login.gaschecker.co.uk/gas-engineers/xml/domestic_landlord_gas_safety_records.php?certificate_id=MzE2ODc1Mg==
42 Cottage Farm Road,06-11-2025,Domestic Landlord Gas Safety Records,https://login.gaschecker.co.uk/gas-engineers/xml/domestic_landlord_gas_safety_records.php?certificate_id=MzE2ODc1Mw==
52 Randle Street CV6 1LW Before,06-11-2025,Domestic Landlord Gas Safety Records,https://login.gaschecker.co.uk/gas-engineers/xml/domestic_landlord_gas_safety_records.php?certificate_id=MzE2ODc1NQ==
98 Bulwer Road CV6 3AL Before,06-11-2025,Domestic Landlord Gas Safety Records,https://login.gaschecker.co.uk/gas-engineers/xml/domestic_landlord_gas_safety_records.php?certificate_id=MzE2ODc1OA==
98 Foster Road CV6 3AS Before,06-11-2025,Domestic Landlord Gas Safety Records,https://login.gaschecker.co.uk/gas-engineers/xml/domestic_landlord_gas_safety_records.php?certificate_id=MzE2ODc1OQ==
59 Holly Walk 2025,04-11-2025,Domestic Landlord Gas Safety Records,https://login.gaschecker.co.uk/gas-engineers/xml/domestic_landlord_gas_safety_records.php?certificate_id=MzE2MTYwMA==
59 Holly Walk 2025 1,04-11-2025,Domestic Landlord Gas Safety Records,https://login.gaschecker.co.uk/gas-engineers/xml/domestic_landlord_gas_safety_records.php?certificate_id=MzE2MTYwMQ==
Flat 1 6 Warwick new Road 2025-Mr Ranjit Bhopal-04Nov2025,04-11-2025,Domestic Landlord Gas Safety Records,https://login.gaschecker.co.uk/gas-engineers/xml/domestic_landlord_gas_safety_records.php?certificate_id=MzE2MTYwMg==
Flat 2 6 Warwick new Street 2025,04-11-2025,Domestic Landlord Gas Safety Records,https://login.gaschecker.co.uk/gas-engineers/xml/domestic_landlord_gas_safety_records.php?certificate_id=MzE2MTYwMw==
Flat 3 6 Warwick new Road 2025,04-11-2025,Domestic Landlord Gas Safety Records,https://login.gaschecker.co.uk/gas-engineers/xml/domestic_landlord_gas_safety_records.php?certificate_id=MzE2MTYwNA==
Flat 4 6 Warwick new Road 2025,04-11-2025,Domestic Landlord Gas Safety Records,https://login.gaschecker.co.uk/gas-engineers/xml/domestic_landlord_gas_safety_records.php?certificate_id=MzE2MTYwNQ==
Flat 5 6 Warwick new Road 2025,04-11-2025,Domestic Landlord Gas Safety Records,https://login.gaschecker.co.uk/gas-engineers/xml/domestic_landlord_gas_safety_records.php?certificate_id=MzE2MTYwNg==
Flat 6 6 Warwick new Road 2025,04-11-2025,Domestic Landlord Gas Safety Records,https://login.gaschecker.co.uk/gas-engineers/xml/domestic_landlord_gas_safety_records.php?certificate_id=MzE2MTYwNw==
Flat 7 6 Warwick new Road 2025,04-11-2025,Domestic Landlord Gas Safety Records,https://login.gaschecker.co.uk/gas-engineers/xml/domestic_landlord_gas_safety_records.php?certificate_id=MzE2MTYwOA==
Flat 8 6 Warwick new Road 2025,04-11-2025,Domestic Landlord Gas Safety Records,https://login.gaschecker.co.uk/gas-engineers/xml/domestic_landlord_gas_safety_records.php?certificate_id=MzE2MTYwOQ==
Flat 9 6 Warwick new Road 2025,04-11-2025,Domestic Landlord Gas Safety Records,https://login.gaschecker.co.uk/gas-engineers/xml/domestic_landlord_gas_safety_records.php?certificate_id=MzE2MTYxMA==
Flat 9a Lyndale Road CV5 8AS Before,04-11-2025,Domestic Landlord Gas Safety Records,https://login.gaschecker.co.uk/gas-engineers/xml/domestic_landlord_gas_safety_records.php?certificate_id=MzE3Mjk1OQ==
1 Treherne Road CV6 3EB,31-10-2025,Domestic Landlord Gas Safety Records,https://login.gaschecker.co.uk/gas-engineers/xml/domestic_landlord_gas_safety_records.php?certificate_id=MzE2MTEzMw==
11 Wedon close CV4 8BH,31-10-2025,Domestic Landlord Gas Safety Records,https://login.gaschecker.co.uk/gas-engineers/xml/domestic_landlord_gas_safety_records.php?certificate_id=MzE2MTEzNA==
8 MIlrose Way CV4 9JE,31-10-2025,Domestic Landlord Gas Safety Records,https://login.gaschecker.co.uk/gas-engineers/xml/domestic_landlord_gas_safety_records.php?certificate_id=MzE2MTEzNQ==
Flat 101 Falstaff Road CV4 9RX,31-10-2025,Domestic Landlord Gas Safety Records,https://login.gaschecker.co.uk/gas-engineers/xml/domestic_landlord_gas_safety_records.php?certificate_id=MzE2MTEzNg==
Flat 298 Jardine Crescent CV4 9QS,31-10-2025,Domestic Landlord Gas Safety Records,https://login.gaschecker.co.uk/gas-engineers/xml/domestic_landlord_gas_safety_records.php?certificate_id=MzE2MTEzNw==
Flat 38 Rosemary Close CV4 9NY,31-10-2025,Domestic Landlord Gas Safety Records,https://login.gaschecker.co.uk/gas-engineers/xml/domestic_landlord_gas_safety_records.php?certificate_id=MzE2MTEzOA==
Flat 48 Lesingham Drive CV4 9JT,31-10-2025,Domestic Landlord Gas Safety Records,https://login.gaschecker.co.uk/gas-engineers/xml/domestic_landlord_gas_safety_records.php?certificate_id=MzE2MTEzOQ==
Flat 5 Rosemary Close Cv4 9RJ,31-10-2025,Domestic Landlord Gas Safety Records,https://login.gaschecker.co.uk/gas-engineers/xml/domestic_landlord_gas_safety_records.php?certificate_id=MzE2MTE0MA==
Flat 3 45 Russell Terrace 2025,31-10-2025,Gas Service Breakdown Record,https://login.gaschecker.co.uk/gas-engineers/xml/gas_service_breakdown_record.php?certificate_id=MzE2MTE0Ng==
26 Walsall Street Cv4 8EU,23-10-2025,Domestic Landlord Gas Safety Records,https://login.gaschecker.co.uk/gas-engineers/xml/domestic_landlord_gas_safety_records.php?certificate_id=MzE1MTcxMQ==
29 Robert Cramb Avenue Cv4 9LA,23-10-2025,Domestic Landlord Gas Safety Records,https://login.gaschecker.co.uk/gas-engineers/xml/domestic_landlord_gas_safety_records.php?certificate_id=MzE1MTcxMg==
Flat 24 Bradnick Place CV4 9JU,23-10-2025,Domestic Landlord Gas Safety Records,https://login.gaschecker.co.uk/gas-engineers/xml/domestic_landlord_gas_safety_records.php?certificate_id=MzE1MTcxOQ==
Flat 4 Wansfell CV4 8DS,23-10-2025,Domestic Landlord Gas Safety Records,https://login.gaschecker.co.uk/gas-engineers/xml/domestic_landlord_gas_safety_records.php?certificate_id=MzE1MTcyMQ==
Flat 43 Bruce Road Cv6 2LJ,23-10-2025,Domestic Landlord Gas Safety Records,https://login.gaschecker.co.uk/gas-engineers/xml/domestic_landlord_gas_safety_records.php?certificate_id=MzE1MTcyNA==
20 the martingales,23-10-2025,Gas Service Breakdown Record,https://login.gaschecker.co.uk/gas-engineers/xml/gas_service_breakdown_record.php?certificate_id=MzE1MTcyOQ==
7 Home Close 2025,23-10-2025,Gas Service Breakdown Record,https://login.gaschecker.co.uk/gas-engineers/xml/gas_service_breakdown_record.php?certificate_id=MzE1MTczNA==
61 Henry Boteler CV4 8FG,22-10-2025,Domestic Landlord Gas Safety Records,https://login.gaschecker.co.uk/gas-engineers/xml/domestic_landlord_gas_safety_records.php?certificate_id=MzE1MTcxNQ==
Flat 40 Fred Lee Grove,22-10-2025,Domestic Landlord Gas Safety Records,https://login.gaschecker.co.uk/gas-engineers/xml/domestic_landlord_gas_safety_records.php?certificate_id=MzE1MTcyMg==
Flat 90 Charminster Drive CV3 5AD,22-10-2025,Domestic Landlord Gas Safety Records,https://login.gaschecker.co.uk/gas-engineers/xml/domestic_landlord_gas_safety_records.php?certificate_id=MzE1MTcyNg==
74 St Michael Road 2025,17-10-2025,Domestic Landlord Gas Safety Records,https://login.gaschecker.co.uk/gas-engineers/xml/domestic_landlord_gas_safety_records.php?certificate_id=MzE3Mzg0Ng==
125 Longley Walk 2025,16-10-2025,Domestic Landlord Gas Safety Records,https://login.gaschecker.co.uk/gas-engineers/xml/domestic_landlord_gas_safety_records.php?certificate_id=MzE1MTcwNw==
18 Hoarestone Ave 2025,16-10-2025,Gas Service Breakdown Record,https://login.gaschecker.co.uk/gas-engineers/xml/gas_service_breakdown_record.php?certificate_id=MzE1MTcyOA==
200 Rugby Road 2005 2,16-10-2025,Gas Service Breakdown Record,https://login.gaschecker.co.uk/gas-engineers/xml/gas_service_breakdown_record.php?certificate_id=MzE1MTczMA==
200 Rugby Road 2025,16-10-2025,Gas Service Breakdown Record,https://login.gaschecker.co.uk/gas-engineers/xml/gas_service_breakdown_record.php?certificate_id=MzE1MTczMQ==
3 Rutherford Glen 2025,16-10-2025,Gas Service Breakdown Record,https://login.gaschecker.co.uk/gas-engineers/xml/gas_service_breakdown_record.php?certificate_id=MzE1MTczMg==
9 Gribble Drive 2025,16-10-2025,Gas Service Breakdown Record,https://login.gaschecker.co.uk/gas-engineers/xml/gas_service_breakdown_record.php?certificate_id=MzE1MTczNQ==
125 the Moorfield CV3 1DL,15-10-2025,Domestic Landlord Gas Safety Records,https://login.gaschecker.co.uk/gas-engineers/xml/domestic_landlord_gas_safety_records.php?certificate_id=MzE1MTcwOA==
2 Fenside CV3 5NH,15-10-2025,Domestic Landlord Gas Safety Records,https://login.gaschecker.co.uk/gas-engineers/xml/domestic_landlord_gas_safety_records.php?certificate_id=MzE1MTcxMA==
409 Tile Hill Lane CV4 9PD,15-10-2025,Domestic Landlord Gas Safety Records,https://login.gaschecker.co.uk/gas-engineers/xml/domestic_landlord_gas_safety_records.php?certificate_id=MzE1MTcxMw==
6 Brathay Close CV3 5PR,15-10-2025,Domestic Landlord Gas Safety Records,https://login.gaschecker.co.uk/gas-engineers/xml/domestic_landlord_gas_safety_records.php?certificate_id=MzE1MTcxNA==
Flat 12 Renfrew Walk CV4 8DL,15-10-2025,Domestic Landlord Gas Safety Records,https://login.gaschecker.co.uk/gas-engineers/xml/domestic_landlord_gas_safety_records.php?certificate_id=MzE1MTcxNg==
Flat 19c Lyndale CV5 8AS,15-10-2025,Domestic Landlord Gas Safety Records,https://login.gaschecker.co.uk/gas-engineers/xml/domestic_landlord_gas_safety_records.php?certificate_id=MzE1MTcxNw==
Flat 23 Gravel Hill CV4 9JD,15-10-2025,Domestic Landlord Gas Safety Records,https://login.gaschecker.co.uk/gas-engineers/xml/domestic_landlord_gas_safety_records.php?certificate_id=MzE1MTcxOA==
Flat 373 Charter Avenue CV4 8BB,15-10-2025,Domestic Landlord Gas Safety Records,https://login.gaschecker.co.uk/gas-engineers/xml/domestic_landlord_gas_safety_records.php?certificate_id=MzE1MTcyMA==
Flat 40 Sandythorpe CV3 3FD,15-10-2025,Domestic Landlord Gas Safety Records,https://login.gaschecker.co.uk/gas-engineers/xml/domestic_landlord_gas_safety_records.php?certificate_id=MzE1MTcyMw==
Flat 8 Little Farm CV3 3GY,15-10-2025,Domestic Landlord Gas Safety Records,https://login.gaschecker.co.uk/gas-engineers/xml/domestic_landlord_gas_safety_records.php?certificate_id=MzE1MTcyNQ==
8 regent Street B30 2LG 2026,09-10-2025,Gas Service Breakdown Record,https://login.gaschecker.co.uk/gas-engineers/xml/gas_service_breakdown_record.php?certificate_id=MzMyMTYwOQ==
19 Victoria Crescent 2025,09-10-2025,Domestic Landlord Gas Safety Records,https://login.gaschecker.co.uk/gas-engineers/xml/domestic_landlord_gas_safety_records.php?certificate_id=MzEzNDg2OQ==
39 Henry Boteler CV4 8FG,09-10-2025,Domestic Landlord Gas Safety Records,https://login.gaschecker.co.uk/gas-engineers/xml/domestic_landlord_gas_safety_records.php?certificate_id=MzEzNDg3MQ==
40 Wroxall Drive CV3 3FZ,09-10-2025,Domestic Landlord Gas Safety Records,https://login.gaschecker.co.uk/gas-engineers/xml/domestic_landlord_gas_safety_records.php?certificate_id=MzEzNDg3Mg==
4A Meschines Street CV3 5DW,09-10-2025,Domestic Landlord Gas Safety Records,https://login.gaschecker.co.uk/gas-engineers/xml/domestic_landlord_gas_safety_records.php?certificate_id=MzEzNDg3Mw==
7 Tintagel CV3 3EU,09-10-2025,Domestic Landlord Gas Safety Records,https://login.gaschecker.co.uk/gas-engineers/xml/domestic_landlord_gas_safety_records.php?certificate_id=MzEzNDg3Nw==
76 Tarquin close CV3 3BW,09-10-2025,Domestic Landlord Gas Safety Records,https://login.gaschecker.co.uk/gas-engineers/xml/domestic_landlord_gas_safety_records.php?certificate_id=MzEzNDg3OA==
16 Pettyfields Close B93 9EG,09-10-2025,Gas Service Breakdown Record,https://login.gaschecker.co.uk/gas-engineers/xml/gas_service_breakdown_record.php?certificate_id=MzEzNDg3OQ==
17 Sandpit Boulevard 2025,09-10-2025,Gas Service Breakdown Record,https://login.gaschecker.co.uk/gas-engineers/xml/gas_service_breakdown_record.php?certificate_id=MzEzNDg4MA==
47 Rouncil Lane 2025,09-10-2025,Gas Service Breakdown Record,https://login.gaschecker.co.uk/gas-engineers/xml/gas_service_breakdown_record.php?certificate_id=MzEzNDg4MQ==
19 Dickens Road 2025,02-10-2025,Domestic Landlord Gas Safety Records,https://login.gaschecker.co.uk/gas-engineers/xml/domestic_landlord_gas_safety_records.php?certificate_id=MzE1MTcwOQ==
12 Fieldmarch CV3 3FN,02-10-2025,Domestic Landlord Gas Safety Records,https://login.gaschecker.co.uk/gas-engineers/xml/domestic_landlord_gas_safety_records.php?certificate_id=MzEyOTcyMQ==
16 Wroxall Drive CV3 3FZ,02-10-2025,Domestic Landlord Gas Safety Records,https://login.gaschecker.co.uk/gas-engineers/xml/domestic_landlord_gas_safety_records.php?certificate_id=MzEyOTcyMw==
27 Templars Field CV4 8FR,02-10-2025,Domestic Landlord Gas Safety Records,https://login.gaschecker.co.uk/gas-engineers/xml/domestic_landlord_gas_safety_records.php?certificate_id=MzEyOTcyNA==
310 Exhall Close 2025,02-10-2025,Domestic Landlord Gas Safety Records,https://login.gaschecker.co.uk/gas-engineers/xml/domestic_landlord_gas_safety_records.php?certificate_id=MzEyOTcyNQ==
32 Second Avenue CV3 1HQ,02-10-2025,Domestic Landlord Gas Safety Records,https://login.gaschecker.co.uk/gas-engineers/xml/domestic_landlord_gas_safety_records.php?certificate_id=MzEyOTcyNg==
34 Chepstow Close CV3,02-10-2025,Domestic Landlord Gas Safety Records,https://login.gaschecker.co.uk/gas-engineers/xml/domestic_landlord_gas_safety_records.php?certificate_id=MzEyOTcyNw==
36 Chepstow Road CV3 3HG,02-10-2025,Domestic Landlord Gas Safety Records,https://login.gaschecker.co.uk/gas-engineers/xml/domestic_landlord_gas_safety_records.php?certificate_id=MzEyOTcyOA==
4 Wheatcroft Close 2025 1,02-10-2025,Domestic Landlord Gas Safety Records,https://login.gaschecker.co.uk/gas-engineers/xml/domestic_landlord_gas_safety_records.php?certificate_id=MzEyOTcyOQ==
6 Bridgecote CV3 3FF,02-10-2025,Domestic Landlord Gas Safety Records,https://login.gaschecker.co.uk/gas-engineers/xml/domestic_landlord_gas_safety_records.php?certificate_id=MzEyOTczMA==
87 Ridgethorpe CV3 3GQ,02-10-2025,Domestic Landlord Gas Safety Records,https://login.gaschecker.co.uk/gas-engineers/xml/domestic_landlord_gas_safety_records.php?certificate_id=MzEyOTczMQ==
121 Montague Road 2025,02-10-2025,Gas Service Breakdown Record,https://login.gaschecker.co.uk/gas-engineers/xml/gas_service_breakdown_record.php?certificate_id=MzEyOTczMg==
280 Montague Rd 2025 1,02-10-2025,Gas Service Breakdown Record,https://login.gaschecker.co.uk/gas-engineers/xml/gas_service_breakdown_record.php?certificate_id=MzEyOTczMw==
32 Gilbert Road 2025,02-10-2025,Gas Service Breakdown Record,https://login.gaschecker.co.uk/gas-engineers/xml/gas_service_breakdown_record.php?certificate_id=MzEyOTczNA==
4 Wheatcroft Close 2025,02-10-2025,Gas Service Breakdown Record,https://login.gaschecker.co.uk/gas-engineers/xml/gas_service_breakdown_record.php?certificate_id=MzEyOTczNQ==
72 Sharpe Street b77 3hz 2025,02-10-2025,Gas Service Breakdown Record,https://login.gaschecker.co.uk/gas-engineers/xml/gas_service_breakdown_record.php?certificate_id=MzEyOTczNg==
55 The Cornfield CV3 1FD,02-10-2025,Domestic Landlord Gas Safety Records,https://login.gaschecker.co.uk/gas-engineers/xml/domestic_landlord_gas_safety_records.php?certificate_id=MzEzNDg3Ng==
12b lyndale road cv5 8ax,01-10-2025,Domestic Landlord Gas Safety Records,https://login.gaschecker.co.uk/gas-engineers/xml/domestic_landlord_gas_safety_records.php?certificate_id=MzEyOTcyMg==
50 Tintagel CV3 3EW,01-10-2025,Domestic Landlord Gas Safety Records,https://login.gaschecker.co.uk/gas-engineers/xml/domestic_landlord_gas_safety_records.php?certificate_id=MzEzNDg3NQ==
27 Weymouth CV3 3ET,29-09-2025,Domestic Landlord Gas Safety Records,https://login.gaschecker.co.uk/gas-engineers/xml/domestic_landlord_gas_safety_records.php?certificate_id=MzEzNDg3MA==
5 Tintagel CV3 3EU,29-09-2025,Domestic Landlord Gas Safety Records,https://login.gaschecker.co.uk/gas-engineers/xml/domestic_landlord_gas_safety_records.php?certificate_id=MzEzNDg3NA==
25 Fieldspark drive 2025,25-09-2025,Gas Service Breakdown Record,https://login.gaschecker.co.uk/gas-engineers/xml/gas_service_breakdown_record.php?certificate_id=MzEyMzc1Nw==
4 the oak walk B31 4HA 2025 1,25-09-2025,Gas Service Breakdown Record,https://login.gaschecker.co.uk/gas-engineers/xml/gas_service_breakdown_record.php?certificate_id=MzEyMzc1OA==
50 Finham,25-09-2025,Gas Service Breakdown Record,https://login.gaschecker.co.uk/gas-engineers/xml/gas_service_breakdown_record.php?certificate_id=MzEyMzc1OQ==
9 Trevelyan Crescent,25-09-2025,Gas Service Breakdown Record,https://login.gaschecker.co.uk/gas-engineers/xml/gas_service_breakdown_record.php?certificate_id=MzEyMzc2MA==
Throckmorton 2025,25-09-2025,Gas Service Breakdown Record,https://login.gaschecker.co.uk/gas-engineers/xml/gas_service_breakdown_record.php?certificate_id=MzEyMzc2MQ==
100 Black Prince Ave CV3 5JE-Citizen Housing Group Ltd-25Sept2025,25-09-2025,Domestic Landlord Gas Safety Records,https://login.gaschecker.co.uk/gas-engineers/xml/domestic_landlord_gas_safety_records.php?certificate_id=MzEyNDg2NA==
19 Marlcroft Cv3 3FR-Citizen Housing Group Ltd-25Sept2025,25-09-2025,Domestic Landlord Gas Safety Records,https://login.gaschecker.co.uk/gas-engineers/xml/domestic_landlord_gas_safety_records.php?certificate_id=MzEyNDg2NQ==
2 Fred Lee Grove CV3 5NP-Citizen Housing Group Ltd-25Sept2025,25-09-2025,Domestic Landlord Gas Safety Records,https://login.gaschecker.co.uk/gas-engineers/xml/domestic_landlord_gas_safety_records.php?certificate_id=MzEyNDg2Ng==
2 Sandythorpe Cv3 3FD-Citizen Housing Group Ltd-25Sept2025,25-09-2025,Domestic Landlord Gas Safety Records,https://login.gaschecker.co.uk/gas-engineers/xml/domestic_landlord_gas_safety_records.php?certificate_id=MzEyNDg2Nw==
21 Kegworth Close CV6 6H-Citizen Housing Group Ltd-25Sept2025,25-09-2025,Domestic Landlord Gas Safety Records,https://login.gaschecker.co.uk/gas-engineers/xml/domestic_landlord_gas_safety_records.php?certificate_id=MzEyNDg2OA==
25 Charminster Drive CV3 5AA-Citizen Housing Group Ltd-25Sept2025,25-09-2025,Domestic Landlord Gas Safety Records,https://login.gaschecker.co.uk/gas-engineers/xml/domestic_landlord_gas_safety_records.php?certificate_id=MzEyNDg2OQ==
27 Charminster Drive CV3 5AA-Citizen Housing Group Ltd-25Sept2025,25-09-2025,Domestic Landlord Gas Safety Records,https://login.gaschecker.co.uk/gas-engineers/xml/domestic_landlord_gas_safety_records.php?certificate_id=MzEyNDg3MA==
4 Leyside CV3 3FP,25-09-2025,Domestic Landlord Gas Safety Records,https://login.gaschecker.co.uk/gas-engineers/xml/domestic_landlord_gas_safety_records.php?certificate_id=MzEyNDg3Mw==
45 Arundel Road CV3 5JT-Citizen Housing Group Ltd-25Sept2025,25-09-2025,Domestic Landlord Gas Safety Records,https://login.gaschecker.co.uk/gas-engineers/xml/domestic_landlord_gas_safety_records.php?certificate_id=MzEyNDg3NA==
100 Black Prince Ave CV3 5JE,19-09-2025,Domestic Landlord Gas Safety Records,https://login.gaschecker.co.uk/gas-engineers/xml/domestic_landlord_gas_safety_records.php?certificate_id=MzEyMzc0Nw==
45 Arundel Road CV3 5JT,18-09-2025,Domestic Landlord Gas Safety Records,https://login.gaschecker.co.uk/gas-engineers/xml/domestic_landlord_gas_safety_records.php?certificate_id=MzEyMzc1Ng==
19 Marlcroft Cv3 3FR,17-09-2025,Domestic Landlord Gas Safety Records,https://login.gaschecker.co.uk/gas-engineers/xml/domestic_landlord_gas_safety_records.php?certificate_id=MzEyMzc0OA==
21 Kegworth Close CV6 6H,16-09-2025,Domestic Landlord Gas Safety Records,https://login.gaschecker.co.uk/gas-engineers/xml/domestic_landlord_gas_safety_records.php?certificate_id=MzEyMzc1MQ==
27 Charminster Drive CV3 5AA,16-09-2025,Domestic Landlord Gas Safety Records,https://login.gaschecker.co.uk/gas-engineers/xml/domestic_landlord_gas_safety_records.php?certificate_id=MzEyMzc1Mw==
43 Scholfield Road 2025,15-09-2025,Gas Service Breakdown Record,https://login.gaschecker.co.uk/gas-engineers/xml/gas_service_breakdown_record.php?certificate_id=MzExNDkwMg==
64 Selsey road  20025,15-09-2025,Gas Service Breakdown Record,https://login.gaschecker.co.uk/gas-engineers/xml/gas_service_breakdown_record.php?certificate_id=MzExNDkwMw==
25 Charminster Drive CV3 5AA,12-09-2025,Domestic Landlord Gas Safety Records,https://login.gaschecker.co.uk/gas-engineers/xml/domestic_landlord_gas_safety_records.php?certificate_id=MzEyMzc1Mg==
46 Lower Cape 2025,12-09-2025,Gas Service Breakdown Record,https://login.gaschecker.co.uk/gas-engineers/xml/gas_service_breakdown_record.php?certificate_id=MzE1MTczMw==
235 Jardine Crescent CV4 9QR Before,11-09-2025,Domestic Landlord Gas Safety Records,https://login.gaschecker.co.uk/gas-engineers/xml/domestic_landlord_gas_safety_records.php?certificate_id=MzEyMTk1MA==
3 Little Farm Cv3 3GY Before,11-09-2025,Domestic Landlord Gas Safety Records,https://login.gaschecker.co.uk/gas-engineers/xml/domestic_landlord_gas_safety_records.php?certificate_id=MzEyMTk1MQ==
388 Dunsmore Avenue CV3 3HB Before,11-09-2025,Domestic Landlord Gas Safety Records,https://login.gaschecker.co.uk/gas-engineers/xml/domestic_landlord_gas_safety_records.php?certificate_id=MzEyMTk1Mg==
40 Chepstow Close CV3 3HG Before,11-09-2025,Domestic Landlord Gas Safety Records,https://login.gaschecker.co.uk/gas-engineers/xml/domestic_landlord_gas_safety_records.php?certificate_id=MzEyMTk1Mw==
406 Dunsmore Avenue CV3 3HD Before,11-09-2025,Domestic Landlord Gas Safety Records,https://login.gaschecker.co.uk/gas-engineers/xml/domestic_landlord_gas_safety_records.php?certificate_id=MzEyMTk1NA==
422 Dunsmore Avenue CV3 3HD Before,11-09-2025,Domestic Landlord Gas Safety Records,https://login.gaschecker.co.uk/gas-engineers/xml/domestic_landlord_gas_safety_records.php?certificate_id=MzEyMTk1NQ==
46 Chepstow Close CV3 3HG Before,11-09-2025,Domestic Landlord Gas Safety Records,https://login.gaschecker.co.uk/gas-engineers/xml/domestic_landlord_gas_safety_records.php?certificate_id=MzEyMTk1Ng==
6 Tarquin Close CV3 3BW Before,11-09-2025,Domestic Landlord Gas Safety Records,https://login.gaschecker.co.uk/gas-engineers/xml/domestic_landlord_gas_safety_records.php?certificate_id=MzEyMTk1Nw==
2 Fred Lee Grove CV3 5NP,11-09-2025,Domestic Landlord Gas Safety Records,https://login.gaschecker.co.uk/gas-engineers/xml/domestic_landlord_gas_safety_records.php?certificate_id=MzEyMzc0OQ==
2 Sandythorpe Cv3 3FD,11-09-2025,Domestic Landlord Gas Safety Records,https://login.gaschecker.co.uk/gas-engineers/xml/domestic_landlord_gas_safety_records.php?certificate_id=MzEyMzc1MA==
22 Sherlock Road CV5 8EY 2025,11-09-2025,Domestic Landlord Gas Safety Records,https://login.gaschecker.co.uk/gas-engineers/xml/domestic_landlord_gas_safety_records.php?certificate_id=MzExMjg0Ng==
27 Harcourt CV3 3FQ,11-09-2025,Domestic Landlord Gas Safety Records,https://login.gaschecker.co.uk/gas-engineers/xml/domestic_landlord_gas_safety_records.php?certificate_id=MzExMjg0Nw==
382 Dunsmore Avenue CV3 3HB,11-09-2025,Domestic Landlord Gas Safety Records,https://login.gaschecker.co.uk/gas-engineers/xml/domestic_landlord_gas_safety_records.php?certificate_id=MzExMjg0OA==
39 Harcourt CV3 3FQ,11-09-2025,Domestic Landlord Gas Safety Records,https://login.gaschecker.co.uk/gas-engineers/xml/domestic_landlord_gas_safety_records.php?certificate_id=MzExMjg0OQ==
4 Fenside Avenue CV3 5NH,11-09-2025,Domestic Landlord Gas Safety Records,https://login.gaschecker.co.uk/gas-engineers/xml/domestic_landlord_gas_safety_records.php?certificate_id=MzExMjg1MA==
426 Dunsmore Avenue CV3 3HD,11-09-2025,Domestic Landlord Gas Safety Records,https://login.gaschecker.co.uk/gas-engineers/xml/domestic_landlord_gas_safety_records.php?certificate_id=MzExMjg1MQ==
434 Dunsmore Avenue CV3 3HD,11-09-2025,Domestic Landlord Gas Safety Records,https://login.gaschecker.co.uk/gas-engineers/xml/domestic_landlord_gas_safety_records.php?certificate_id=MzExMjg1Mg==
60 Fenside Avenue CV3 5NH,11-09-2025,Domestic Landlord Gas Safety Records,https://login.gaschecker.co.uk/gas-engineers/xml/domestic_landlord_gas_safety_records.php?certificate_id=MzExMjg1Mw==
flat 29 fred lee grove CV3 5NL,11-09-2025,Domestic Landlord Gas Safety Records,https://login.gaschecker.co.uk/gas-engineers/xml/domestic_landlord_gas_safety_records.php?certificate_id=MzExMjg1NA==
101 Telford Road 2025,10-09-2025,Gas Service Breakdown Record,https://login.gaschecker.co.uk/gas-engineers/xml/gas_service_breakdown_record.php?certificate_id=MzExMTg0OA==
6 Elward Drive 2025,08-09-2025,Gas Service Breakdown Record,https://login.gaschecker.co.uk/gas-engineers/xml/gas_service_breakdown_record.php?certificate_id=Mjk0ODAwOA==
6 Elward Drive 2025 5,08-09-2025,Gas Service Breakdown Record,https://login.gaschecker.co.uk/gas-engineers/xml/gas_service_breakdown_record.php?certificate_id=MzExMTg1MA==
1 cross street 2025,05-09-2025,Gas Service Breakdown Record,https://login.gaschecker.co.uk/gas-engineers/xml/gas_service_breakdown_record.php?certificate_id=MzExMTg0Nw==
112 Fred Lee Grove CV3 5NN-Citizen Housing Group Ltd-04Sept2025,04-09-2025,Domestic Landlord Gas Safety Records,https://login.gaschecker.co.uk/gas-engineers/xml/domestic_landlord_gas_safety_records.php?certificate_id=MzEwNTg0NA==
29 Swifts Corner CV3 4AG-Citizen Housing Group Ltd-04Sept2025,04-09-2025,Domestic Landlord Gas Safety Records,https://login.gaschecker.co.uk/gas-engineers/xml/domestic_landlord_gas_safety_records.php?certificate_id=MzEwNTg0NQ==
3 Kent Close CV3 5HT-Citizen Housing Group Ltd-04Sept2025,04-09-2025,Domestic Landlord Gas Safety Records,https://login.gaschecker.co.uk/gas-engineers/xml/domestic_landlord_gas_safety_records.php?certificate_id=MzEwNTg0Ng==
3 Wanley Road CV3 5JW-Citizen Housing Group Ltd-04Sept2025,04-09-2025,Domestic Landlord Gas Safety Records,https://login.gaschecker.co.uk/gas-engineers/xml/domestic_landlord_gas_safety_records.php?certificate_id=MzEwNTg0Nw==
57 Arundel Road CV3 5JT-Citizen Housing Group Ltd-04Sept2025,04-09-2025,Domestic Landlord Gas Safety Records,https://login.gaschecker.co.uk/gas-engineers/xml/domestic_landlord_gas_safety_records.php?certificate_id=MzEwNTg0OA==
6 Calvert Close CV3 5PQ-Citizen Housing Group Ltd-04Sept2025,04-09-2025,Domestic Landlord Gas Safety Records,https://login.gaschecker.co.uk/gas-engineers/xml/domestic_landlord_gas_safety_records.php?certificate_id=MzEwNTg0OQ==
78 Fred Lee Grove CV3 5NN-Citizen Housing Group Ltd-04Sept2025,04-09-2025,Domestic Landlord Gas Safety Records,https://login.gaschecker.co.uk/gas-engineers/xml/domestic_landlord_gas_safety_records.php?certificate_id=MzEwNTg1MA==
83 George Robertson Close CV3 2NH-Citizen Housing Group Ltd-04Sept2025,04-09-2025,Domestic Landlord Gas Safety Records,https://login.gaschecker.co.uk/gas-engineers/xml/domestic_landlord_gas_safety_records.php?certificate_id=MzEwNTg1MQ==
29 Swifts Corner CV3 4AG,29-08-2025,Domestic Landlord Gas Safety Records,https://login.gaschecker.co.uk/gas-engineers/xml/domestic_landlord_gas_safety_records.php?certificate_id=MzEwNTMzMg==
12 Fenside CV3 5NH,28-08-2025,Domestic Landlord Gas Safety Records,https://login.gaschecker.co.uk/gas-engineers/xml/domestic_landlord_gas_safety_records.php?certificate_id=MzEwMDQ4NA==
12 Kent Close CV3 5HT,28-08-2025,Domestic Landlord Gas Safety Records,https://login.gaschecker.co.uk/gas-engineers/xml/domestic_landlord_gas_safety_records.php?certificate_id=MzEwMDQ4NQ==
18 Kent Close CV3 5HT,28-08-2025,Domestic Landlord Gas Safety Records,https://login.gaschecker.co.uk/gas-engineers/xml/domestic_landlord_gas_safety_records.php?certificate_id=MzEwMDQ4Ng==
21 Calvert Close CV3 5PQ,28-08-2025,Domestic Landlord Gas Safety Records,https://login.gaschecker.co.uk/gas-engineers/xml/domestic_landlord_gas_safety_records.php?certificate_id=MzEwMDQ4Nw==
25 Calvert Close Cv3 5PQ,28-08-2025,Domestic Landlord Gas Safety Records,https://login.gaschecker.co.uk/gas-engineers/xml/domestic_landlord_gas_safety_records.php?certificate_id=MzEwMDQ4OA==
3 Gravel Hill CV4 9JD,28-08-2025,Domestic Landlord Gas Safety Records,https://login.gaschecker.co.uk/gas-engineers/xml/domestic_landlord_gas_safety_records.php?certificate_id=MzEwMDQ4OQ==
404 Dunsmore Avenue CV3 3HD,28-08-2025,Domestic Landlord Gas Safety Records,https://login.gaschecker.co.uk/gas-engineers/xml/domestic_landlord_gas_safety_records.php?certificate_id=MzEwMDQ5MA==
43 Bridgecote CV3 3FF,28-08-2025,Domestic Landlord Gas Safety Records,https://login.gaschecker.co.uk/gas-engineers/xml/domestic_landlord_gas_safety_records.php?certificate_id=MzEwMDQ5MQ==
54 Gravel Hill CV4 9JF,28-08-2025,Domestic Landlord Gas Safety Records,https://login.gaschecker.co.uk/gas-engineers/xml/domestic_landlord_gas_safety_records.php?certificate_id=MzEwMDQ5Mg==
8 William McKee CV3 3NB,28-08-2025,Domestic Landlord Gas Safety Records,https://login.gaschecker.co.uk/gas-engineers/xml/domestic_landlord_gas_safety_records.php?certificate_id=MzEwMDQ5Mw==
81 George Robertson CV3 2NH,28-08-2025,Domestic Landlord Gas Safety Records,https://login.gaschecker.co.uk/gas-engineers/xml/domestic_landlord_gas_safety_records.php?certificate_id=MzEwMDQ5NA==
36 Millers Road 2025,27-08-2025,Domestic Landlord Gas Safety Records,https://login.gaschecker.co.uk/gas-engineers/xml/domestic_landlord_gas_safety_records.php?certificate_id=MzA5OTM5Nw==
6 Calvert Close CV3 5PQ,27-08-2025,Domestic Landlord Gas Safety Records,https://login.gaschecker.co.uk/gas-engineers/xml/domestic_landlord_gas_safety_records.php?certificate_id=MzEwNTMzNg==
78 Fred Lee Grove CV3 5NN,27-08-2025,Domestic Landlord Gas Safety Records,https://login.gaschecker.co.uk/gas-engineers/xml/domestic_landlord_gas_safety_records.php?certificate_id=MzEwNTMzNw==
112 Fred Lee Grove CV3 5NN,26-08-2025,Domestic Landlord Gas Safety Records,https://login.gaschecker.co.uk/gas-engineers/xml/domestic_landlord_gas_safety_records.php?certificate_id=MzEwNTMzMQ==
57 Arundel Road CV3 5JT,26-08-2025,Domestic Landlord Gas Safety Records,https://login.gaschecker.co.uk/gas-engineers/xml/domestic_landlord_gas_safety_records.php?certificate_id=MzEwNTMzNQ==
1 Fieldgate Lane 2025,26-08-2025,Domestic Landlord Gas Safety Records,https://login.gaschecker.co.uk/gas-engineers/xml/domestic_landlord_gas_safety_records.php?certificate_id=MzA5ODczMQ==
304 Dunsmore Avenue CV3 3HB-Citizen Housing Group Ltd-25Aug2025,25-08-2025,Domestic Landlord Gas Safety Records,https://login.gaschecker.co.uk/gas-engineers/xml/domestic_landlord_gas_safety_records.php?certificate_id=MzEyNDg3MQ==
310 Dunsmore Avenue Cv3 3HB-Citizen Housing Group Ltd-25Aug2025,25-08-2025,Domestic Landlord Gas Safety Records,https://login.gaschecker.co.uk/gas-engineers/xml/domestic_landlord_gas_safety_records.php?certificate_id=MzEyNDg3Mg==
4 Albert crescent 2025,22-08-2025,Gas Service Breakdown Record,https://login.gaschecker.co.uk/gas-engineers/xml/gas_service_breakdown_record.php?certificate_id=MzIxNDIzOA==
6 Fivefield Road 2025,22-08-2025,Gas Service Breakdown Record,https://login.gaschecker.co.uk/gas-engineers/xml/gas_service_breakdown_record.php?certificate_id=MzIxNDI0MQ==
3 Kent Close CV3 5HT,21-08-2025,Domestic Landlord Gas Safety Records,https://login.gaschecker.co.uk/gas-engineers/xml/domestic_landlord_gas_safety_records.php?certificate_id=MzEwNTMzMw==
3 Wanley Road CV3 5JW,21-08-2025,Domestic Landlord Gas Safety Records,https://login.gaschecker.co.uk/gas-engineers/xml/domestic_landlord_gas_safety_records.php?certificate_id=MzEwNTMzNA==
1 Kevilok Street CV3 5DZ,21-08-2025,Domestic Landlord Gas Safety Records,https://login.gaschecker.co.uk/gas-engineers/xml/domestic_landlord_gas_safety_records.php?certificate_id=MzA5Njk5OQ==
108 Arundel Road CV3 5JJ,21-08-2025,Domestic Landlord Gas Safety Records,https://login.gaschecker.co.uk/gas-engineers/xml/domestic_landlord_gas_safety_records.php?certificate_id=MzA5NzAwMA==
11 Calvert Close CV3 5PQ,21-08-2025,Domestic Landlord Gas Safety Records,https://login.gaschecker.co.uk/gas-engineers/xml/domestic_landlord_gas_safety_records.php?certificate_id=MzA5NzAwMQ==
120 Gravel Hill CV4 9JN,21-08-2025,Domestic Landlord Gas Safety Records,https://login.gaschecker.co.uk/gas-engineers/xml/domestic_landlord_gas_safety_records.php?certificate_id=MzA5NzAwMg==
126 Fenside CV3 5NJ,21-08-2025,Domestic Landlord Gas Safety Records,https://login.gaschecker.co.uk/gas-engineers/xml/domestic_landlord_gas_safety_records.php?certificate_id=MzA5NzAwMw==
17a Hampton Road CV6 5GB,21-08-2025,Domestic Landlord Gas Safety Records,https://login.gaschecker.co.uk/gas-engineers/xml/domestic_landlord_gas_safety_records.php?certificate_id=MzA5NzAwNA==
23 Leyside CV3 3FP,21-08-2025,Domestic Landlord Gas Safety Records,https://login.gaschecker.co.uk/gas-engineers/xml/domestic_landlord_gas_safety_records.php?certificate_id=MzA5NzAwNQ==
25 Carey Street CV6 7HH,21-08-2025,Domestic Landlord Gas Safety Records,https://login.gaschecker.co.uk/gas-engineers/xml/domestic_landlord_gas_safety_records.php?certificate_id=MzA5NzAwNg==
83 George Robertson Close CV3 2NH,20-08-2025,Domestic Landlord Gas Safety Records,https://login.gaschecker.co.uk/gas-engineers/xml/domestic_landlord_gas_safety_records.php?certificate_id=MzEwNTMzOA==
10 Church Terrace 2025,20-08-2025,Domestic Landlord Gas Safety Records,https://login.gaschecker.co.uk/gas-engineers/xml/domestic_landlord_gas_safety_records.php?certificate_id=MzA5NTQwMg==
304 Dunsmore Avenue CV3 3HB,15-08-2025,Domestic Landlord Gas Safety Records,https://login.gaschecker.co.uk/gas-engineers/xml/domestic_landlord_gas_safety_records.php?certificate_id=MzEyMzc1NA==
310 Dunsmore Avenue Cv3 3HB,15-08-2025,Domestic Landlord Gas Safety Records,https://login.gaschecker.co.uk/gas-engineers/xml/domestic_landlord_gas_safety_records.php?certificate_id=MzEyMzc1NQ==
25 Uxbridge CV3 1HH,14-08-2025,Domestic Landlord Gas Safety Records,https://login.gaschecker.co.uk/gas-engineers/xml/domestic_landlord_gas_safety_records.php?certificate_id=MzA5MTEyOQ==
49 Wroxall Drive CV3 3GB,14-08-2025,Domestic Landlord Gas Safety Records,https://login.gaschecker.co.uk/gas-engineers/xml/domestic_landlord_gas_safety_records.php?certificate_id=MzA5MTEzMA==
67 Ridgethorpe CV3 3GQ,14-08-2025,Domestic Landlord Gas Safety Records,https://login.gaschecker.co.uk/gas-engineers/xml/domestic_landlord_gas_safety_records.php?certificate_id=MzA5MTEzMQ==
74 Tarquin Close CV3 3BW,14-08-2025,Domestic Landlord Gas Safety Records,https://login.gaschecker.co.uk/gas-engineers/xml/domestic_landlord_gas_safety_records.php?certificate_id=MzA5MTEzMg==
88 Mary Slessor street CV3 3BX,14-08-2025,Domestic Landlord Gas Safety Records,https://login.gaschecker.co.uk/gas-engineers/xml/domestic_landlord_gas_safety_records.php?certificate_id=MzA5MTEzMw==
9 Winnalthorpe CV3 3FB,14-08-2025,Domestic Landlord Gas Safety Records,https://login.gaschecker.co.uk/gas-engineers/xml/domestic_landlord_gas_safety_records.php?certificate_id=MzA5MTEzNA==
Flat 22 Rangemoor CV3 3FY,14-08-2025,Domestic Landlord Gas Safety Records,https://login.gaschecker.co.uk/gas-engineers/xml/domestic_landlord_gas_safety_records.php?certificate_id=MzA5MTEzNQ==
Flat 29 Littlethorpe CV3 3GG,14-08-2025,Domestic Landlord Gas Safety Records,https://login.gaschecker.co.uk/gas-engineers/xml/domestic_landlord_gas_safety_records.php?certificate_id=MzA5MTEzNg==
3 Oken court warwick 2025,11-08-2025,Gas Service Breakdown Record,https://login.gaschecker.co.uk/gas-engineers/xml/gas_service_breakdown_record.php?certificate_id=MzA4ODk1OQ==
10 Langton Close CV3 2GL,07-08-2025,Domestic Landlord Gas Safety Records,https://login.gaschecker.co.uk/gas-engineers/xml/domestic_landlord_gas_safety_records.php?certificate_id=MzA4NjY0Mg==
13 Pondthorpe CV3 3FL,07-08-2025,Domestic Landlord Gas Safety Records,https://login.gaschecker.co.uk/gas-engineers/xml/domestic_landlord_gas_safety_records.php?certificate_id=MzA4NjY0Mw==
16 Treforest CV3 1FN,07-08-2025,Domestic Landlord Gas Safety Records,https://login.gaschecker.co.uk/gas-engineers/xml/domestic_landlord_gas_safety_records.php?certificate_id=MzA4NjY0NA==
24 Leyside CV3 3FP,07-08-2025,Domestic Landlord Gas Safety Records,https://login.gaschecker.co.uk/gas-engineers/xml/domestic_landlord_gas_safety_records.php?certificate_id=MzA4NjY0NQ==
33 Pondthorpe CV3 3FL,07-08-2025,Domestic Landlord Gas Safety Records,https://login.gaschecker.co.uk/gas-engineers/xml/domestic_landlord_gas_safety_records.php?certificate_id=MzA4NjY0Ng==
92 Mary Slessor street CV3 3BX,07-08-2025,Domestic Landlord Gas Safety Records,https://login.gaschecker.co.uk/gas-engineers/xml/domestic_landlord_gas_safety_records.php?certificate_id=MzA4NjY0Nw==
23 Mary Slessor Close CV3 3BZ-Citizen Housing Group Ltd-31Jul2025,31-07-2025,Domestic Landlord Gas Safety Records,https://login.gaschecker.co.uk/gas-engineers/xml/domestic_landlord_gas_safety_records.php?certificate_id=MzA4MTc3MA==
24 BridgeCote CV3 3FF-Citizen Housing Group Ltd-31Jul2025,31-07-2025,Domestic Landlord Gas Safety Records,https://login.gaschecker.co.uk/gas-engineers/xml/domestic_landlord_gas_safety_records.php?certificate_id=MzA4MTc3MQ==
42 Bridgcote CV3 3FF-Citizen Housing Group Ltd-31Jul2025,31-07-2025,Domestic Landlord Gas Safety Records,https://login.gaschecker.co.uk/gas-engineers/xml/domestic_landlord_gas_safety_records.php?certificate_id=MzA4MTc3Mg==
42 Laneside CV3 3EZ-Citizen Housing Group Ltd-31Jul2025,31-07-2025,Domestic Landlord Gas Safety Records,https://login.gaschecker.co.uk/gas-engineers/xml/domestic_landlord_gas_safety_records.php?certificate_id=MzA4MTc3Mw==
44 Rembrance Road CV3 3DQ-Citizen Housing Group Ltd-31Jul2025,31-07-2025,Domestic Landlord Gas Safety Records,https://login.gaschecker.co.uk/gas-engineers/xml/domestic_landlord_gas_safety_records.php?certificate_id=MzA4MTc3NA==
47 Mary Slessor Street CV3 3BZ-Citizen Housing Group Ltd-31Jul2025,31-07-2025,Domestic Landlord Gas Safety Records,https://login.gaschecker.co.uk/gas-engineers/xml/domestic_landlord_gas_safety_records.php?certificate_id=MzA4MTc3NQ==
52 Tarquin Close CV3 3BW-Citizen Housing Group Ltd-31Jul2025,31-07-2025,Domestic Landlord Gas Safety Records,https://login.gaschecker.co.uk/gas-engineers/xml/domestic_landlord_gas_safety_records.php?certificate_id=MzA4MTc3Ng==
56 Laneside cv3 3ey-Citizen Housing Group Ltd-31Jul2025,31-07-2025,Domestic Landlord Gas Safety Records,https://login.gaschecker.co.uk/gas-engineers/xml/domestic_landlord_gas_safety_records.php?certificate_id=MzA4MTc3Nw==
85 George Robertson CV3 2NH-Citizen Housing Group Ltd-31Jul2025,31-07-2025,Domestic Landlord Gas Safety Records,https://login.gaschecker.co.uk/gas-engineers/xml/domestic_landlord_gas_safety_records.php?certificate_id=MzA4MTc3OA==
87 George Robertson CV3 2NH-Citizen Housing Group Ltd-31Jul2025,31-07-2025,Domestic Landlord Gas Safety Records,https://login.gaschecker.co.uk/gas-engineers/xml/domestic_landlord_gas_safety_records.php?certificate_id=MzA4MTc3OQ==
93 Laneside CV3 3EY-Citizen Housing Group Ltd-31Jul2025,31-07-2025,Domestic Landlord Gas Safety Records,https://login.gaschecker.co.uk/gas-engineers/xml/domestic_landlord_gas_safety_records.php?certificate_id=MzA4MTc4MA==
11 Dale St 2025,30-07-2025,Domestic Landlord Gas Safety Records,https://login.gaschecker.co.uk/gas-engineers/xml/domestic_landlord_gas_safety_records.php?certificate_id=MzA4MDcxNg==
9 Dudley 2025,30-07-2025,Domestic Landlord Gas Safety Records,https://login.gaschecker.co.uk/gas-engineers/xml/domestic_landlord_gas_safety_records.php?certificate_id=MzA4MDcxNw==
5 Radford Rd 20251,30-07-2025,Domestic Landlord Gas Safety Records,https://login.gaschecker.co.uk/gas-engineers/xml/domestic_landlord_gas_safety_records.php?certificate_id=MzA3NjM5OQ==
69 Radford Road 2025,30-07-2025,Domestic Landlord Gas Safety Records,https://login.gaschecker.co.uk/gas-engineers/xml/domestic_landlord_gas_safety_records.php?certificate_id=MzA3NjQwMA==
Floor 1 4 6 Victoria Terrace 2025,30-07-2025,Domestic Landlord Gas Safety Records,https://login.gaschecker.co.uk/gas-engineers/xml/domestic_landlord_gas_safety_records.php?certificate_id=MzA3NjQwMQ==
Floor 2 4 6 Victoria Terrace 2025,30-07-2025,Domestic Landlord Gas Safety Records,https://login.gaschecker.co.uk/gas-engineers/xml/domestic_landlord_gas_safety_records.php?certificate_id=MzA3NjQwMg==
Floor 3 4 6 Victoria Terrace 2025,30-07-2025,Domestic Landlord Gas Safety Records,https://login.gaschecker.co.uk/gas-engineers/xml/domestic_landlord_gas_safety_records.php?certificate_id=MzA3NjQwMw==
20 Shreres Dyche 2025,29-07-2025,Gas Service Breakdown Record,https://login.gaschecker.co.uk/gas-engineers/xml/gas_service_breakdown_record.php?certificate_id=MzA3OTM3OA==
13 Ash Drive 2025,28-07-2025,Domestic Landlord Gas Safety Records,https://login.gaschecker.co.uk/gas-engineers/xml/domestic_landlord_gas_safety_records.php?certificate_id=MzA3ODY2NQ==
19 Webster Avenue 2025,28-07-2025,Domestic Landlord Gas Safety Records,https://login.gaschecker.co.uk/gas-engineers/xml/domestic_landlord_gas_safety_records.php?certificate_id=MzA3ODY2Ng==
3 Leam Street 2025,25-07-2025,Gas Service Breakdown Record,https://login.gaschecker.co.uk/gas-engineers/xml/gas_service_breakdown_record.php?certificate_id=MzA3ODY2Nw==
5 Radford Rd 2025,24-07-2025,Non Domestic Gas Safety Record,https://login.gaschecker.co.uk/gas-engineers/xml/non_domestic_gas_safety_record.php?certificate_id=MzA3NjM5OA==
10 Tarquin Close cv3 3bw,24-07-2025,Domestic Landlord Gas Safety Records,https://login.gaschecker.co.uk/gas-engineers/xml/domestic_landlord_gas_safety_records.php?certificate_id=MzA3NjIzOQ==
102 Mary Slessor cv3 3bx,24-07-2025,Domestic Landlord Gas Safety Records,https://login.gaschecker.co.uk/gas-engineers/xml/domestic_landlord_gas_safety_records.php?certificate_id=MzA3NjI0MA==
106 Mary Slessor  cv3 3bx,24-07-2025,Domestic Landlord Gas Safety Records,https://login.gaschecker.co.uk/gas-engineers/xml/domestic_landlord_gas_safety_records.php?certificate_id=MzA3NjI0MQ==
3 Soden Close cv3 3da,24-07-2025,Domestic Landlord Gas Safety Records,https://login.gaschecker.co.uk/gas-engineers/xml/domestic_landlord_gas_safety_records.php?certificate_id=MzA3NjI0Mg==
38 Tarquin Close cv3 3bw,24-07-2025,Domestic Landlord Gas Safety Records,https://login.gaschecker.co.uk/gas-engineers/xml/domestic_landlord_gas_safety_records.php?certificate_id=MzA3NjI0Mw==
64 Tarquin Close cv3 3bw,24-07-2025,Domestic Landlord Gas Safety Records,https://login.gaschecker.co.uk/gas-engineers/xml/domestic_landlord_gas_safety_records.php?certificate_id=MzA3NjI0NA==
65 Mary Slessor Street cv3 3bz,24-07-2025,Domestic Landlord Gas Safety Records,https://login.gaschecker.co.uk/gas-engineers/xml/domestic_landlord_gas_safety_records.php?certificate_id=MzA3NjI0NQ==
74 Cottage Farm Road cv6 2fa,24-07-2025,Domestic Landlord Gas Safety Records,https://login.gaschecker.co.uk/gas-engineers/xml/domestic_landlord_gas_safety_records.php?certificate_id=MzA3NjI0Nw==
75 Severn Road cv1 2BD,24-07-2025,Domestic Landlord Gas Safety Records,https://login.gaschecker.co.uk/gas-engineers/xml/domestic_landlord_gas_safety_records.php?certificate_id=MzA3NjI0OA==
96 Mary Slessor Street cv3 3bx,24-07-2025,Domestic Landlord Gas Safety Records,https://login.gaschecker.co.uk/gas-engineers/xml/domestic_landlord_gas_safety_records.php?certificate_id=MzA3NjI0OQ==
23 Mary Slessor Close CV3 3BZ,22-07-2025,Domestic Landlord Gas Safety Records,https://login.gaschecker.co.uk/gas-engineers/xml/domestic_landlord_gas_safety_records.php?certificate_id=MzA4MDY1MQ==
52 Tintagel Close CV3 3EW,22-07-2025,Domestic Landlord Gas Safety Records,https://login.gaschecker.co.uk/gas-engineers/xml/domestic_landlord_gas_safety_records.php?certificate_id=MzA4MDY1OA==
29 Griffin Rd 2025,21-07-2025,Gas Service Breakdown Record,https://login.gaschecker.co.uk/gas-engineers/xml/gas_service_breakdown_record.php?certificate_id=MzA3MzE2OA==
14 Tintagel Close CV3 3EU,21-07-2025,Domestic Landlord Gas Safety Records,https://login.gaschecker.co.uk/gas-engineers/xml/domestic_landlord_gas_safety_records.php?certificate_id=MzA4MDY0OQ==
24 BridgeCote CV3 3FF,21-07-2025,Domestic Landlord Gas Safety Records,https://login.gaschecker.co.uk/gas-engineers/xml/domestic_landlord_gas_safety_records.php?certificate_id=MzA4MDY1Mg==
87 George Robertson CV3 2NH,21-07-2025,Domestic Landlord Gas Safety Records,https://login.gaschecker.co.uk/gas-engineers/xml/domestic_landlord_gas_safety_records.php?certificate_id=MzA4MDY2MQ==
16 Sixpence Close 2025,18-07-2025,Gas Service Breakdown Record,https://login.gaschecker.co.uk/gas-engineers/xml/gas_service_breakdown_record.php?certificate_id=MzA3MjYwMw==
42 Owen Grove 2025,18-07-2025,Gas Service Breakdown Record,https://login.gaschecker.co.uk/gas-engineers/xml/gas_service_breakdown_record.php?certificate_id=MzA3MjYwNA==
42 Laneside CV3 3EZ,18-07-2025,Domestic Landlord Gas Safety Records,https://login.gaschecker.co.uk/gas-engineers/xml/domestic_landlord_gas_safety_records.php?certificate_id=MzA4MDY1NA==
44 Rembrance Road CV3 3DQ,18-07-2025,Domestic Landlord Gas Safety Records,https://login.gaschecker.co.uk/gas-engineers/xml/domestic_landlord_gas_safety_records.php?certificate_id=MzA4MDY1NQ==
108 Mary Slessor Street CV33BZ,17-07-2025,Domestic Landlord Gas Safety Records,https://login.gaschecker.co.uk/gas-engineers/xml/domestic_landlord_gas_safety_records.php?certificate_id=MzA3MDU1Mg==
23 Pinley Fields CV3 1DD,17-07-2025,Domestic Landlord Gas Safety Records,https://login.gaschecker.co.uk/gas-engineers/xml/domestic_landlord_gas_safety_records.php?certificate_id=MzA3MDU1Mw==
265 Tarquin Close CV3 3BU,17-07-2025,Domestic Landlord Gas Safety Records,https://login.gaschecker.co.uk/gas-engineers/xml/domestic_landlord_gas_safety_records.php?certificate_id=MzA3MDU1NA==
27 The Lindfield CV3 1FL,17-07-2025,Domestic Landlord Gas Safety Records,https://login.gaschecker.co.uk/gas-engineers/xml/domestic_landlord_gas_safety_records.php?certificate_id=MzA3MDU1NQ==
3 Lorenzo Close CV3 3DE,17-07-2025,Domestic Landlord Gas Safety Records,https://login.gaschecker.co.uk/gas-engineers/xml/domestic_landlord_gas_safety_records.php?certificate_id=MzA3MDU1Ng==
41 Mary Slessor street CV3 3BZ,17-07-2025,Domestic Landlord Gas Safety Records,https://login.gaschecker.co.uk/gas-engineers/xml/domestic_landlord_gas_safety_records.php?certificate_id=MzA3MDU1Nw==
45 Mary Slessor street CV3 3BZ,17-07-2025,Domestic Landlord Gas Safety Records,https://login.gaschecker.co.uk/gas-engineers/xml/domestic_landlord_gas_safety_records.php?certificate_id=MzA3MDU1OA==
48 Tarquin close CV3 3BW,17-07-2025,Domestic Landlord Gas Safety Records,https://login.gaschecker.co.uk/gas-engineers/xml/domestic_landlord_gas_safety_records.php?certificate_id=MzA3MDU1OQ==
67 Mary Slessor Street CV3 3BQ,17-07-2025,Domestic Landlord Gas Safety Records,https://login.gaschecker.co.uk/gas-engineers/xml/domestic_landlord_gas_safety_records.php?certificate_id=MzA3MDU2MA==
89 George Robertson CV3 2NH,17-07-2025,Domestic Landlord Gas Safety Records,https://login.gaschecker.co.uk/gas-engineers/xml/domestic_landlord_gas_safety_records.php?certificate_id=MzA3MDU2MQ==
42 Bridgcote CV3 3FF,17-07-2025,Domestic Landlord Gas Safety Records,https://login.gaschecker.co.uk/gas-engineers/xml/domestic_landlord_gas_safety_records.php?certificate_id=MzA4MDY1Mw==
93 Laneside CV3 3EY,17-07-2025,Domestic Landlord Gas Safety Records,https://login.gaschecker.co.uk/gas-engineers/xml/domestic_landlord_gas_safety_records.php?certificate_id=MzA4MDY2Mg==
52 Tarquin Close CV3 3BW,16-07-2025,Domestic Landlord Gas Safety Records,https://login.gaschecker.co.uk/gas-engineers/xml/domestic_landlord_gas_safety_records.php?certificate_id=MzA4MDY1Nw==
25 Pettyfields Close 2025,15-07-2025,Gas Service Breakdown Record,https://login.gaschecker.co.uk/gas-engineers/xml/gas_service_breakdown_record.php?certificate_id=MzA2ODQ3Mg==
16 Weymouth Close CV3 3ET,15-07-2025,Domestic Landlord Gas Safety Records,https://login.gaschecker.co.uk/gas-engineers/xml/domestic_landlord_gas_safety_records.php?certificate_id=MzA4MDY1MA==
47 Mary Slessor Street CV3 3BZ,15-07-2025,Domestic Landlord Gas Safety Records,https://login.gaschecker.co.uk/gas-engineers/xml/domestic_landlord_gas_safety_records.php?certificate_id=MzA4MDY1Ng==
56 Laneside cv3 3ey,14-07-2025,Domestic Landlord Gas Safety Records,https://login.gaschecker.co.uk/gas-engineers/xml/domestic_landlord_gas_safety_records.php?certificate_id=MzA4MDY1OQ==
85 George Robertson CV3 2NH,14-07-2025,Domestic Landlord Gas Safety Records,https://login.gaschecker.co.uk/gas-engineers/xml/domestic_landlord_gas_safety_records.php?certificate_id=MzA4MDY2MA==
104 The Boxhill CV3 1ER,10-07-2025,Domestic Landlord Gas Safety Records,https://login.gaschecker.co.uk/gas-engineers/xml/domestic_landlord_gas_safety_records.php?certificate_id=MzA2NTE2Nw==
11 The Cornfield CV3 1FD,10-07-2025,Domestic Landlord Gas Safety Records,https://login.gaschecker.co.uk/gas-engineers/xml/domestic_landlord_gas_safety_records.php?certificate_id=MzA2NTE2OA==
154 Sadler Road CV6 2LN,10-07-2025,Domestic Landlord Gas Safety Records,https://login.gaschecker.co.uk/gas-engineers/xml/domestic_landlord_gas_safety_records.php?certificate_id=MzA2NTE2OQ==
18 The Barley Lea CV3 1DS,10-07-2025,Domestic Landlord Gas Safety Records,https://login.gaschecker.co.uk/gas-engineers/xml/domestic_landlord_gas_safety_records.php?certificate_id=MzA2NTE3MA==
19 Granborough Close CV3 2FH,10-07-2025,Domestic Landlord Gas Safety Records,https://login.gaschecker.co.uk/gas-engineers/xml/domestic_landlord_gas_safety_records.php?certificate_id=MzA2NTE3MQ==
2 The Cornfield CV3 1FE,10-07-2025,Domestic Landlord Gas Safety Records,https://login.gaschecker.co.uk/gas-engineers/xml/domestic_landlord_gas_safety_records.php?certificate_id=MzA2NTE3Mg==
23 George Robertson Close CV3 2NH,10-07-2025,Domestic Landlord Gas Safety Records,https://login.gaschecker.co.uk/gas-engineers/xml/domestic_landlord_gas_safety_records.php?certificate_id=MzA2NTE3Mw==
30 Sutton Avenue CV5 7EE,10-07-2025,Domestic Landlord Gas Safety Records,https://login.gaschecker.co.uk/gas-engineers/xml/domestic_landlord_gas_safety_records.php?certificate_id=MzA2NTE3NA==
6 The Cornfield CV3 1FE,10-07-2025,Domestic Landlord Gas Safety Records,https://login.gaschecker.co.uk/gas-engineers/xml/domestic_landlord_gas_safety_records.php?certificate_id=MzA2NTE3NQ==
87 James Galloway Close CV3 2NF,10-07-2025,Domestic Landlord Gas Safety Records,https://login.gaschecker.co.uk/gas-engineers/xml/domestic_landlord_gas_safety_records.php?certificate_id=MzA2NTE3Ng==
Flat 21 Carey Street CV6 7HH,10-07-2025,Domestic Landlord Gas Safety Records,https://login.gaschecker.co.uk/gas-engineers/xml/domestic_landlord_gas_safety_records.php?certificate_id=MzA2NTE3Nw==
Flat 34 The Boxhill Cv3 1ES,10-07-2025,Domestic Landlord Gas Safety Records,https://login.gaschecker.co.uk/gas-engineers/xml/domestic_landlord_gas_safety_records.php?certificate_id=MzA2NTE3OA==
7 Guys Cliffe 2025 Gas,09-07-2025,Domestic Landlord Gas Safety Records,https://login.gaschecker.co.uk/gas-engineers/xml/domestic_landlord_gas_safety_records.php?certificate_id=MzA2NDE0Mg==
7 Guys Cliffe 2025,09-07-2025,Gas Service Breakdown Record,https://login.gaschecker.co.uk/gas-engineers/xml/gas_service_breakdown_record.php?certificate_id=MzA2NDE0NQ==
16 Towers Close 2025,07-07-2025,Gas Service Breakdown Record,https://login.gaschecker.co.uk/gas-engineers/xml/gas_service_breakdown_record.php?certificate_id=MzA2NDE0Mw==
74 Wyndham Drive 2025,06-07-2025,Gas Service Breakdown Record,https://login.gaschecker.co.uk/gas-engineers/xml/gas_service_breakdown_record.php?certificate_id=MzA2NDE0Ng==
77 Frensham Close,03-07-2025,Domestic Landlord Gas Safety Records,https://login.gaschecker.co.uk/gas-engineers/xml/domestic_landlord_gas_safety_records.php?certificate_id=MzA2ODQ3MQ==
134 Yorkminster Drive 2025,03-07-2025,Domestic Landlord Gas Safety Records,https://login.gaschecker.co.uk/gas-engineers/xml/domestic_landlord_gas_safety_records.php?certificate_id=MzA2MDA2OA==
7 Partridge Close 2025,03-07-2025,Domestic Landlord Gas Safety Records,https://login.gaschecker.co.uk/gas-engineers/xml/domestic_landlord_gas_safety_records.php?certificate_id=MzA2MDA2OQ==
Apartment 3 50 Station Road 2025,03-07-2025,Domestic Landlord Gas Safety Records,https://login.gaschecker.co.uk/gas-engineers/xml/domestic_landlord_gas_safety_records.php?certificate_id=MzA2MDA3MA==
102 Cherry Tree Drive 2025,02-07-2025,Domestic Landlord Gas Safety Records,https://login.gaschecker.co.uk/gas-engineers/xml/domestic_landlord_gas_safety_records.php?certificate_id=MzA1OTE0OA==
17 Kimble Close 2025,02-07-2025,Domestic Landlord Gas Safety Records,https://login.gaschecker.co.uk/gas-engineers/xml/domestic_landlord_gas_safety_records.php?certificate_id=MzA1OTE1Mw==
Apartment 7 Trinity House,02-07-2025,Domestic Landlord Gas Safety Records,https://login.gaschecker.co.uk/gas-engineers/xml/domestic_landlord_gas_safety_records.php?certificate_id=MzA1OTE2Nw==
Flat 7 Tulip Tree Court 2025,02-07-2025,Domestic Landlord Gas Safety Records,https://login.gaschecker.co.uk/gas-engineers/xml/domestic_landlord_gas_safety_records.php?certificate_id=MzA1OTE2OA==
"12 barbel drive-Chai Go, Young-02Jul2025",02-07-2025,Gas Service Breakdown Record,https://login.gaschecker.co.uk/gas-engineers/xml/gas_service_breakdown_record.php?certificate_id=MzA1OTE2OQ==
1 Copeland Place CV4 9JY-Citizen Housing Group Ltd-01Jul2025,01-07-2025,Domestic Landlord Gas Safety Records,https://login.gaschecker.co.uk/gas-engineers/xml/domestic_landlord_gas_safety_records.php?certificate_id=MzA1OTE0Nw==
11 The Greenfields CV3 1EF-Citizen Housing Group Ltd-01Jul2025,01-07-2025,Domestic Landlord Gas Safety Records,https://login.gaschecker.co.uk/gas-engineers/xml/domestic_landlord_gas_safety_records.php?certificate_id=MzA1OTE0OQ==
117 George Robertson Close CV3 2NH-Citizen Housing Group Ltd-01Jul2025,01-07-2025,Domestic Landlord Gas Safety Records,https://login.gaschecker.co.uk/gas-engineers/xml/domestic_landlord_gas_safety_records.php?certificate_id=MzA1OTE1MA==
11a The Coppice CV3 1EL-Citizen Housing Group Ltd-01Jul2025,01-07-2025,Domestic Landlord Gas Safety Records,https://login.gaschecker.co.uk/gas-engineers/xml/domestic_landlord_gas_safety_records.php?certificate_id=MzA1OTE1MQ==
16 George Robertson CV3 2NH-Citizen Housing Group Ltd-01Jul2025,01-07-2025,Domestic Landlord Gas Safety Records,https://login.gaschecker.co.uk/gas-engineers/xml/domestic_landlord_gas_safety_records.php?certificate_id=MzA1OTE1Mg==
19 Edward Bailey Close CV3 2LZ-Citizen Housing Group Ltd-01Jul2025,01-07-2025,Domestic Landlord Gas Safety Records,https://login.gaschecker.co.uk/gas-engineers/xml/domestic_landlord_gas_safety_records.php?certificate_id=MzA1OTE1NA==
23 Emscote Road Cv3 1HF-Citizen Housing Group Ltd-01Jul2025,01-07-2025,Domestic Landlord Gas Safety Records,https://login.gaschecker.co.uk/gas-engineers/xml/domestic_landlord_gas_safety_records.php?certificate_id=MzA1OTE1NQ==
27 James Galloway CV3 2NF-Citizen Housing Group Ltd-01Jul2025,01-07-2025,Domestic Landlord Gas Safety Records,https://login.gaschecker.co.uk/gas-engineers/xml/domestic_landlord_gas_safety_records.php?certificate_id=MzA1OTE1Ng==
29 The Cornfield CV3 1FD-Citizen Housing Group Ltd-01Jul2025,01-07-2025,Domestic Landlord Gas Safety Records,https://login.gaschecker.co.uk/gas-engineers/xml/domestic_landlord_gas_safety_records.php?certificate_id=MzA1OTE1Nw==
39 Moorfield CV3 1DL-Citizen Housing Group Ltd-01Jul2025,01-07-2025,Domestic Landlord Gas Safety Records,https://login.gaschecker.co.uk/gas-engineers/xml/domestic_landlord_gas_safety_records.php?certificate_id=MzA1OTE1OA==
42 The Coppice CV3 1EN-Citizen Housing Group Ltd-01Jul2025,01-07-2025,Domestic Landlord Gas Safety Records,https://login.gaschecker.co.uk/gas-engineers/xml/domestic_landlord_gas_safety_records.php?certificate_id=MzA1OTE1OQ==
44 William McKee Close CV3 2NB-Citizen Housing Group Ltd-01Jul2025,01-07-2025,Domestic Landlord Gas Safety Records,https://login.gaschecker.co.uk/gas-engineers/xml/domestic_landlord_gas_safety_records.php?certificate_id=MzA1OTE2MA==
45 William McKee Close CV3 2NB-Citizen Housing Group Ltd-01Jul2025,01-07-2025,Domestic Landlord Gas Safety Records,https://login.gaschecker.co.uk/gas-engineers/xml/domestic_landlord_gas_safety_records.php?certificate_id=MzA1OTE2MQ==
49 Edward Bailey Close CV3 2LZ-Citizen Housing Group Ltd-01Jul2025,01-07-2025,Domestic Landlord Gas Safety Records,https://login.gaschecker.co.uk/gas-engineers/xml/domestic_landlord_gas_safety_records.php?certificate_id=MzA1OTE2Mg==
49 The Boxhill CV3 1ET-Citizen Housing Group Ltd-01Jul2025,01-07-2025,Domestic Landlord Gas Safety Records,https://login.gaschecker.co.uk/gas-engineers/xml/domestic_landlord_gas_safety_records.php?certificate_id=MzA1OTE2Mw==
5 James Galloway CV3 2NF-Citizen Housing Group Ltd-01Jul2025,01-07-2025,Domestic Landlord Gas Safety Records,https://login.gaschecker.co.uk/gas-engineers/xml/domestic_landlord_gas_safety_records.php?certificate_id=MzA1OTE2NA==
54 James Galloway Close CV3 2NG-Citizen Housing Group Ltd-01Jul2025,01-07-2025,Domestic Landlord Gas Safety Records,https://login.gaschecker.co.uk/gas-engineers/xml/domestic_landlord_gas_safety_records.php?certificate_id=MzA1OTE2NQ==
63 George Robertson Close CV3 2NH-Citizen Housing Group Ltd-01Jul2025,01-07-2025,Domestic Landlord Gas Safety Records,https://login.gaschecker.co.uk/gas-engineers/xml/domestic_landlord_gas_safety_records.php?certificate_id=MzA1OTE2Ng==
11a The Coppice CV3 1EL,19-06-2025,Domestic Landlord Gas Safety Records,https://login.gaschecker.co.uk/gas-engineers/xml/domestic_landlord_gas_safety_records.php?certificate_id=MzA1NzQyOA==
49 The Boxhill CV3 1ET,19-06-2025,Domestic Landlord Gas Safety Records,https://login.gaschecker.co.uk/gas-engineers/xml/domestic_landlord_gas_safety_records.php?certificate_id=MzA1NzQ0MA==
30 William McCool Close,19-06-2025,Domestic Landlord Gas Safety Records,https://login.gaschecker.co.uk/gas-engineers/xml/domestic_landlord_gas_safety_records.php?certificate_id=MzA0OTk3MQ==
31 Abbey Cottages CV3 2EF,19-06-2025,Domestic Landlord Gas Safety Records,https://login.gaschecker.co.uk/gas-engineers/xml/domestic_landlord_gas_safety_records.php?certificate_id=MzA0OTk3Mg==
36 William McKee CV3 2NB,19-06-2025,Domestic Landlord Gas Safety Records,https://login.gaschecker.co.uk/gas-engineers/xml/domestic_landlord_gas_safety_records.php?certificate_id=MzA0OTk3Mw==
37 Pondthorpe CV3 3FL,19-06-2025,Domestic Landlord Gas Safety Records,https://login.gaschecker.co.uk/gas-engineers/xml/domestic_landlord_gas_safety_records.php?certificate_id=MzA0OTk3NA==
39 Edward Bailey Close CV3 2LZ,19-06-2025,Domestic Landlord Gas Safety Records,https://login.gaschecker.co.uk/gas-engineers/xml/domestic_landlord_gas_safety_records.php?certificate_id=MzA0OTk3NQ==
4 Sandwick Close CV3 2FJ,19-06-2025,Domestic Landlord Gas Safety Records,https://login.gaschecker.co.uk/gas-engineers/xml/domestic_landlord_gas_safety_records.php?certificate_id=MzA0OTk3Ng==
67 The Moorfield CV3 1DL,19-06-2025,Domestic Landlord Gas Safety Records,https://login.gaschecker.co.uk/gas-engineers/xml/domestic_landlord_gas_safety_records.php?certificate_id=MzA0OTk3Nw==
79 The Boxhill,19-06-2025,Domestic Landlord Gas Safety Records,https://login.gaschecker.co.uk/gas-engineers/xml/domestic_landlord_gas_safety_records.php?certificate_id=MzA0OTk3OA==
Flat 104 The Barley Lea CV3 1DY,19-06-2025,Domestic Landlord Gas Safety Records,https://login.gaschecker.co.uk/gas-engineers/xml/domestic_landlord_gas_safety_records.php?certificate_id=MzA0OTk3OQ==
Flat 2 The Vale CV3 1DW,19-06-2025,Domestic Landlord Gas Safety Records,https://login.gaschecker.co.uk/gas-engineers/xml/domestic_landlord_gas_safety_records.php?certificate_id=MzA0OTk4MA==
11 The Greenfields CV3 1EF,18-06-2025,Domestic Landlord Gas Safety Records,https://login.gaschecker.co.uk/gas-engineers/xml/domestic_landlord_gas_safety_records.php?certificate_id=MzA1NzQyNg==
42 The Coppice CV3 1EN,18-06-2025,Domestic Landlord Gas Safety Records,https://login.gaschecker.co.uk/gas-engineers/xml/domestic_landlord_gas_safety_records.php?certificate_id=MzA1NzQzNg==
45 William McKee Close CV3 2NB,17-06-2025,Domestic Landlord Gas Safety Records,https://login.gaschecker.co.uk/gas-engineers/xml/domestic_landlord_gas_safety_records.php?certificate_id=MzA1NzQzOA==
54 James Galloway Close CV3 2NG,17-06-2025,Domestic Landlord Gas Safety Records,https://login.gaschecker.co.uk/gas-engineers/xml/domestic_landlord_gas_safety_records.php?certificate_id=MzA1NzQ0Mg==
16 George Robertson CV3 2NH,16-06-2025,Domestic Landlord Gas Safety Records,https://login.gaschecker.co.uk/gas-engineers/xml/domestic_landlord_gas_safety_records.php?certificate_id=MzA1NzQzMA==
23 Emscote Road Cv3 1HF,16-06-2025,Domestic Landlord Gas Safety Records,https://login.gaschecker.co.uk/gas-engineers/xml/domestic_landlord_gas_safety_records.php?certificate_id=MzA1NzQzMg==
117 George Robertson Close CV3 2NH,13-06-2025,Domestic Landlord Gas Safety Records,https://login.gaschecker.co.uk/gas-engineers/xml/domestic_landlord_gas_safety_records.php?certificate_id=MzA1NzQyNw==
19 Edward Bailey Close CV3 2LZ,13-06-2025,Domestic Landlord Gas Safety Records,https://login.gaschecker.co.uk/gas-engineers/xml/domestic_landlord_gas_safety_records.php?certificate_id=MzA1NzQzMQ==
18 ABBEY COTTAGES,12-06-2025,Domestic Landlord Gas Safety Records,https://login.gaschecker.co.uk/gas-engineers/xml/domestic_landlord_gas_safety_records.php?certificate_id=MzA0NDg2Nw==
23 JASMINE GROVE,12-06-2025,Domestic Landlord Gas Safety Records,https://login.gaschecker.co.uk/gas-engineers/xml/domestic_landlord_gas_safety_records.php?certificate_id=MzA0NDg2OA==
29 GEORGE ROBERTSON CLOSE,12-06-2025,Domestic Landlord Gas Safety Records,https://login.gaschecker.co.uk/gas-engineers/xml/domestic_landlord_gas_safety_records.php?certificate_id=MzA0NDg2OQ==
5 BROMWICH CLOSE,12-06-2025,Domestic Landlord Gas Safety Records,https://login.gaschecker.co.uk/gas-engineers/xml/domestic_landlord_gas_safety_records.php?certificate_id=MzA0NDg3MA==
55 THE BOXHILL,12-06-2025,Domestic Landlord Gas Safety Records,https://login.gaschecker.co.uk/gas-engineers/xml/domestic_landlord_gas_safety_records.php?certificate_id=MzA0NDg3MQ==
58 ABBEY COTTAGES,12-06-2025,Domestic Landlord Gas Safety Records,https://login.gaschecker.co.uk/gas-engineers/xml/domestic_landlord_gas_safety_records.php?certificate_id=MzA0NDg3Mg==
FLAT 10 THE BOXHILL,12-06-2025,Domestic Landlord Gas Safety Records,https://login.gaschecker.co.uk/gas-engineers/xml/domestic_landlord_gas_safety_records.php?certificate_id=MzA0NDg3Mw==
FLAT 41 THE BENTREE,12-06-2025,Domestic Landlord Gas Safety Records,https://login.gaschecker.co.uk/gas-engineers/xml/domestic_landlord_gas_safety_records.php?certificate_id=MzA0NDg3NA==
1 Copeland Place CV4 9JY,12-06-2025,Domestic Landlord Gas Safety Records,https://login.gaschecker.co.uk/gas-engineers/xml/domestic_landlord_gas_safety_records.php?certificate_id=MzA1NzQyNQ==
63 George Robertson Close CV3 2NH,12-06-2025,Domestic Landlord Gas Safety Records,https://login.gaschecker.co.uk/gas-engineers/xml/domestic_landlord_gas_safety_records.php?certificate_id=MzA1NzQ0Mw==
27 James Galloway CV3 2NF,11-06-2025,Domestic Landlord Gas Safety Records,https://login.gaschecker.co.uk/gas-engineers/xml/domestic_landlord_gas_safety_records.php?certificate_id=MzA1NzQzMw==
49 Edward Bailey Close CV3 2LZ,11-06-2025,Domestic Landlord Gas Safety Records,https://login.gaschecker.co.uk/gas-engineers/xml/domestic_landlord_gas_safety_records.php?certificate_id=MzA1NzQzOQ==
44 William McKee Close CV3 2NB,10-06-2025,Domestic Landlord Gas Safety Records,https://login.gaschecker.co.uk/gas-engineers/xml/domestic_landlord_gas_safety_records.php?certificate_id=MzA1NzQzNw==
5 James Galloway CV3 2NF,10-06-2025,Domestic Landlord Gas Safety Records,https://login.gaschecker.co.uk/gas-engineers/xml/domestic_landlord_gas_safety_records.php?certificate_id=MzA1NzQ0MQ==
29 The Cornfield CV3 1FD,09-06-2025,Domestic Landlord Gas Safety Records,https://login.gaschecker.co.uk/gas-engineers/xml/domestic_landlord_gas_safety_records.php?certificate_id=MzA1NzQzNA==
39 Moorfield CV3 1DL,09-06-2025,Domestic Landlord Gas Safety Records,https://login.gaschecker.co.uk/gas-engineers/xml/domestic_landlord_gas_safety_records.php?certificate_id=MzA1NzQzNQ==
42 JAMES GALLOWAY CLOSE,06-06-2025,Domestic Landlord Gas Safety Records,https://login.gaschecker.co.uk/gas-engineers/xml/domestic_landlord_gas_safety_records.php?certificate_id=MzA0MDQxOA==
45 BINLEY AVENUE,06-06-2025,Domestic Landlord Gas Safety Records,https://login.gaschecker.co.uk/gas-engineers/xml/domestic_landlord_gas_safety_records.php?certificate_id=MzA0MDQyMA==
6 WHITESIDE CLOSE,06-06-2025,Domestic Landlord Gas Safety Records,https://login.gaschecker.co.uk/gas-engineers/xml/domestic_landlord_gas_safety_records.php?certificate_id=MzA0MDQyMg==
66 THE COPPICE,06-06-2025,Domestic Landlord Gas Safety Records,https://login.gaschecker.co.uk/gas-engineers/xml/domestic_landlord_gas_safety_records.php?certificate_id=MzA0MDQyNQ==
FLAT 31 THE BOXHILL,06-06-2025,Domestic Landlord Gas Safety Records,https://login.gaschecker.co.uk/gas-engineers/xml/domestic_landlord_gas_safety_records.php?certificate_id=MzA0MDQyNw==
FLAT 70 THE BOXHILL,06-06-2025,Domestic Landlord Gas Safety Records,https://login.gaschecker.co.uk/gas-engineers/xml/domestic_landlord_gas_safety_records.php?certificate_id=MzA0MDQyOA==
7 Rich Close Warwick 2025,05-06-2025,Domestic Landlord Gas Safety Records,https://login.gaschecker.co.uk/gas-engineers/xml/domestic_landlord_gas_safety_records.php?certificate_id=MzAzOTQzNg==
188 Emscote Road 2025,05-06-2025,Domestic Landlord Gas Safety Records,https://login.gaschecker.co.uk/gas-engineers/xml/domestic_landlord_gas_safety_records.php?certificate_id=MzAzOTQ4Mw==
Flat 4 25 Clarendon Square 2025,04-06-2025,Domestic Landlord Gas Safety Records,https://login.gaschecker.co.uk/gas-engineers/xml/domestic_landlord_gas_safety_records.php?certificate_id=MzAzOTQzNw==
flat 1 27 Lillington Road,04-06-2025,Domestic Landlord Gas Safety Records,https://login.gaschecker.co.uk/gas-engineers/xml/domestic_landlord_gas_safety_records.php?certificate_id=MzAzOTQzOA==
7 Maxstoke Lane 2025,04-06-2025,Gas Service Breakdown Record,https://login.gaschecker.co.uk/gas-engineers/xml/gas_service_breakdown_record.php?certificate_id=MzAzOTQzOQ==
43 Drew Crescent 2024-Mr Christopher Mark Tandy-03Jun2025,03-06-2025,Domestic Landlord Gas Safety Records,https://login.gaschecker.co.uk/gas-engineers/xml/domestic_landlord_gas_safety_records.php?certificate_id=MzA0MDQxOQ==
10 Leeder Close CV6 4EB,29-05-2025,Domestic Landlord Gas Safety Records,https://login.gaschecker.co.uk/gas-engineers/xml/domestic_landlord_gas_safety_records.php?certificate_id=MzAzNDYwMA==
12 George Robertson Close CV3 2NH,29-05-2025,Domestic Landlord Gas Safety Records,https://login.gaschecker.co.uk/gas-engineers/xml/domestic_landlord_gas_safety_records.php?certificate_id=MzAzNDYwMQ==
12 The Moorfield CV3 1BZ,29-05-2025,Domestic Landlord Gas Safety Records,https://login.gaschecker.co.uk/gas-engineers/xml/domestic_landlord_gas_safety_records.php?certificate_id=MzAzNDYwMg==
18 Edward Bailey Close CV3 2LZ,29-05-2025,Domestic Landlord Gas Safety Records,https://login.gaschecker.co.uk/gas-engineers/xml/domestic_landlord_gas_safety_records.php?certificate_id=MzAzNDYwMw==
26 TREFOREST ROAD CV3 1FN,29-05-2025,Domestic Landlord Gas Safety Records,https://login.gaschecker.co.uk/gas-engineers/xml/domestic_landlord_gas_safety_records.php?certificate_id=MzAzNDYwNA==
27 The Farmstead CV3 1EB,29-05-2025,Domestic Landlord Gas Safety Records,https://login.gaschecker.co.uk/gas-engineers/xml/domestic_landlord_gas_safety_records.php?certificate_id=MzAzNDYwNQ==
30 The Coppice CV3 1EN,29-05-2025,Domestic Landlord Gas Safety Records,https://login.gaschecker.co.uk/gas-engineers/xml/domestic_landlord_gas_safety_records.php?certificate_id=MzAzNDYwNg==
37 CAPULET CLOSE CV3 3AP,29-05-2025,Domestic Landlord Gas Safety Records,https://login.gaschecker.co.uk/gas-engineers/xml/domestic_landlord_gas_safety_records.php?certificate_id=MzAzNDYwNw==
37 CRESCENT AVENUE CV3 1HD,29-05-2025,Domestic Landlord Gas Safety Records,https://login.gaschecker.co.uk/gas-engineers/xml/domestic_landlord_gas_safety_records.php?certificate_id=MzAzNDYwOA==
56 the Farmstead CV3 1ED,29-05-2025,Domestic Landlord Gas Safety Records,https://login.gaschecker.co.uk/gas-engineers/xml/domestic_landlord_gas_safety_records.php?certificate_id=MzAzNDYwOQ==
62 Edward Bailey Close CV3 2LZ,29-05-2025,Domestic Landlord Gas Safety Records,https://login.gaschecker.co.uk/gas-engineers/xml/domestic_landlord_gas_safety_records.php?certificate_id=MzAzNDYxMA==
64 Empire Road CV4 9LR,29-05-2025,Domestic Landlord Gas Safety Records,https://login.gaschecker.co.uk/gas-engineers/xml/domestic_landlord_gas_safety_records.php?certificate_id=MzAzNDYxMQ==
8 George Roberson Close CV3 2NH,29-05-2025,Domestic Landlord Gas Safety Records,https://login.gaschecker.co.uk/gas-engineers/xml/domestic_landlord_gas_safety_records.php?certificate_id=MzAzNDYxMg==
81 WILLIAM MCKEE CLOSE CV3 2RD,29-05-2025,Domestic Landlord Gas Safety Records,https://login.gaschecker.co.uk/gas-engineers/xml/domestic_landlord_gas_safety_records.php?certificate_id=MzAzNDYxMw==
109 Brays 2025,29-05-2025,Gas Service Breakdown Record,https://login.gaschecker.co.uk/gas-engineers/xml/gas_service_breakdown_record.php?certificate_id=MzAzNDYxNA==
53 Paradise Lane 2025,27-05-2025,Gas Service Breakdown Record,https://login.gaschecker.co.uk/gas-engineers/xml/gas_service_breakdown_record.php?certificate_id=MzAzMzA2Mg==
128 Cherry Tree Drive 2025,23-05-2025,Domestic Landlord Gas Safety Records,https://login.gaschecker.co.uk/gas-engineers/xml/domestic_landlord_gas_safety_records.php?certificate_id=MzAzMTE0OQ==
142 The Moorfield,22-05-2025,Domestic Landlord Gas Safety Records,https://login.gaschecker.co.uk/gas-engineers/xml/domestic_landlord_gas_safety_records.php?certificate_id=MzAzMDIwMw==
17 The Cornfield,22-05-2025,Domestic Landlord Gas Safety Records,https://login.gaschecker.co.uk/gas-engineers/xml/domestic_landlord_gas_safety_records.php?certificate_id=MzAzMDIwNA==
19 Bakewell Close CV3 2FN,22-05-2025,Domestic Landlord Gas Safety Records,https://login.gaschecker.co.uk/gas-engineers/xml/domestic_landlord_gas_safety_records.php?certificate_id=MzAzMDIwNQ==
20 Edward Bailey Close CV3 2LZ,22-05-2025,Domestic Landlord Gas Safety Records,https://login.gaschecker.co.uk/gas-engineers/xml/domestic_landlord_gas_safety_records.php?certificate_id=MzAzMDIwNg==
23 Whitworth Avenue,22-05-2025,Domestic Landlord Gas Safety Records,https://login.gaschecker.co.uk/gas-engineers/xml/domestic_landlord_gas_safety_records.php?certificate_id=MzAzMDIwNw==
25 East View,22-05-2025,Domestic Landlord Gas Safety Records,https://login.gaschecker.co.uk/gas-engineers/xml/domestic_landlord_gas_safety_records.php?certificate_id=MzAzMDIwOA==
29 Edward Bailey Close CV3 2LZ,22-05-2025,Domestic Landlord Gas Safety Records,https://login.gaschecker.co.uk/gas-engineers/xml/domestic_landlord_gas_safety_records.php?certificate_id=MzAzMDIwOQ==
3 Luff Cl,22-05-2025,Domestic Landlord Gas Safety Records,https://login.gaschecker.co.uk/gas-engineers/xml/domestic_landlord_gas_safety_records.php?certificate_id=MzAzMDIxMA==
35 Edward Bailey Close CV3 2LZ,22-05-2025,Domestic Landlord Gas Safety Records,https://login.gaschecker.co.uk/gas-engineers/xml/domestic_landlord_gas_safety_records.php?certificate_id=MzAzMDIxMQ==
47 George Robertson Cl,22-05-2025,Domestic Landlord Gas Safety Records,https://login.gaschecker.co.uk/gas-engineers/xml/domestic_landlord_gas_safety_records.php?certificate_id=MzAzMDIxMg==
14 Churchill Avenue 2025,21-05-2025,Domestic Landlord Gas Safety Records,https://login.gaschecker.co.uk/gas-engineers/xml/domestic_landlord_gas_safety_records.php?certificate_id=MzAyOTAwOQ==
15 Deerdale Terrace Cov  2025,21-05-2025,Domestic Landlord Gas Safety Records,https://login.gaschecker.co.uk/gas-engineers/xml/domestic_landlord_gas_safety_records.php?certificate_id=MzAyOTAxMA==
22 Alpine Court 2025,21-05-2025,Domestic Landlord Gas Safety Records,https://login.gaschecker.co.uk/gas-engineers/xml/domestic_landlord_gas_safety_records.php?certificate_id=MzAyOTAxMQ==
28 Walkers Way 2025,21-05-2025,Domestic Landlord Gas Safety Records,https://login.gaschecker.co.uk/gas-engineers/xml/domestic_landlord_gas_safety_records.php?certificate_id=MzAyOTAxMg==
35 Walkers Way 2025,21-05-2025,Domestic Landlord Gas Safety Records,https://login.gaschecker.co.uk/gas-engineers/xml/domestic_landlord_gas_safety_records.php?certificate_id=MzAyOTAxMw==
95 St Nicholas Road 2025,20-05-2025,Domestic Landlord Gas Safety Records,https://login.gaschecker.co.uk/gas-engineers/xml/domestic_landlord_gas_safety_records.php?certificate_id=MzAyNzg2MA==
Flat 2 34 Newbold 2025,20-05-2025,Domestic Landlord Gas Safety Records,https://login.gaschecker.co.uk/gas-engineers/xml/domestic_landlord_gas_safety_records.php?certificate_id=MzAyNzg2MQ==
Flat 3 34 Newbold 2025,20-05-2025,Domestic Landlord Gas Safety Records,https://login.gaschecker.co.uk/gas-engineers/xml/domestic_landlord_gas_safety_records.php?certificate_id=MzAyNzg2Mg==
Flat 4 34 Newbold 2025,20-05-2025,Domestic Landlord Gas Safety Records,https://login.gaschecker.co.uk/gas-engineers/xml/domestic_landlord_gas_safety_records.php?certificate_id=MzAyNzg2Mw==
Flat 5 34 Newbold 2025,20-05-2025,Domestic Landlord Gas Safety Records,https://login.gaschecker.co.uk/gas-engineers/xml/domestic_landlord_gas_safety_records.php?certificate_id=MzAyNzg2NA==
Flat 6 34 Newbold 2025,20-05-2025,Domestic Landlord Gas Safety Records,https://login.gaschecker.co.uk/gas-engineers/xml/domestic_landlord_gas_safety_records.php?certificate_id=MzAyNzg2NQ==
Flat 7 34 Newbold 2025,20-05-2025,Domestic Landlord Gas Safety Records,https://login.gaschecker.co.uk/gas-engineers/xml/domestic_landlord_gas_safety_records.php?certificate_id=MzAyNzg2Ng==
Flat 8 34 Newbold 2025,20-05-2025,Domestic Landlord Gas Safety Records,https://login.gaschecker.co.uk/gas-engineers/xml/domestic_landlord_gas_safety_records.php?certificate_id=MzAyNzg2Nw==
Flat A Basement 4 2025,20-05-2025,Domestic Landlord Gas Safety Records,https://login.gaschecker.co.uk/gas-engineers/xml/domestic_landlord_gas_safety_records.php?certificate_id=MzAyNzg2OA==
Flat B Ground Floor 4 2025,20-05-2025,Domestic Landlord Gas Safety Records,https://login.gaschecker.co.uk/gas-engineers/xml/domestic_landlord_gas_safety_records.php?certificate_id=MzAyNzg2OQ==
26 TREFOREST ROAD CV3 1FN-Citizen Housing Group Ltd-20May2025,20-05-2025,Domestic Landlord Gas Safety Records,https://login.gaschecker.co.uk/gas-engineers/xml/domestic_landlord_gas_safety_records.php?certificate_id=MzA0MDQxMw==
Flat C 1st Floor 4  2025,20-05-2025,Domestic Landlord Gas Safety Records,https://login.gaschecker.co.uk/gas-engineers/xml/domestic_landlord_gas_safety_records.php?certificate_id=MzAyNzg3MA==
Flat D 2nd Floor 4 2025,20-05-2025,Domestic Landlord Gas Safety Records,https://login.gaschecker.co.uk/gas-engineers/xml/domestic_landlord_gas_safety_records.php?certificate_id=MzAyNzg3MQ==
Waterloo House 2025,20-05-2025,Domestic Landlord Gas Safety Records,https://login.gaschecker.co.uk/gas-engineers/xml/domestic_landlord_gas_safety_records.php?certificate_id=MzAyNzg3Mg==
45 Stanley Road 2025,19-05-2025,Domestic Landlord Gas Safety Records,https://login.gaschecker.co.uk/gas-engineers/xml/domestic_landlord_gas_safety_records.php?certificate_id=MzAyNjg0Ng==
3 Portland Street 2025,16-05-2025,Domestic Landlord Gas Safety Records,https://login.gaschecker.co.uk/gas-engineers/xml/domestic_landlord_gas_safety_records.php?certificate_id=MzAyNTU2Nw==
33 Whites Row 2025,16-05-2025,Domestic Landlord Gas Safety Records,https://login.gaschecker.co.uk/gas-engineers/xml/domestic_landlord_gas_safety_records.php?certificate_id=MzAyNTU2OA==
12 George Robertson Close CV3 2NH-Citizen Housing Group Ltd-15May2025,15-05-2025,Domestic Landlord Gas Safety Records,https://login.gaschecker.co.uk/gas-engineers/xml/domestic_landlord_gas_safety_records.php?certificate_id=MzA0MDQwNg==
8 George Roberson Close CV3 2NH-Citizen Housing Group Ltd-15May2025,15-05-2025,Domestic Landlord Gas Safety Records,https://login.gaschecker.co.uk/gas-engineers/xml/domestic_landlord_gas_safety_records.php?certificate_id=MzA0MDQyNg==
14 EDWARD BAILEY CLOSE,15-05-2025,Domestic Landlord Gas Safety Records,https://login.gaschecker.co.uk/gas-engineers/xml/domestic_landlord_gas_safety_records.php?certificate_id=MzAyNDg1NA==
19 WILLIAM MCKEE CLOSE,15-05-2025,Domestic Landlord Gas Safety Records,https://login.gaschecker.co.uk/gas-engineers/xml/domestic_landlord_gas_safety_records.php?certificate_id=MzAyNDg1NQ==
279 WHITWORTH AVENUE,15-05-2025,Domestic Landlord Gas Safety Records,https://login.gaschecker.co.uk/gas-engineers/xml/domestic_landlord_gas_safety_records.php?certificate_id=MzAyNDg1Ng==
34 WILLIAM MCKEE CLOSE,15-05-2025,Domestic Landlord Gas Safety Records,https://login.gaschecker.co.uk/gas-engineers/xml/domestic_landlord_gas_safety_records.php?certificate_id=MzAyNDg1Nw==
41 EDWARD BAILEY CLOSE,15-05-2025,Domestic Landlord Gas Safety Records,https://login.gaschecker.co.uk/gas-engineers/xml/domestic_landlord_gas_safety_records.php?certificate_id=MzAyNDg1OA==
47 GEORGE ROBERTSON CLOSE,15-05-2025,Domestic Landlord Gas Safety Records,https://login.gaschecker.co.uk/gas-engineers/xml/domestic_landlord_gas_safety_records.php?certificate_id=MzAyNDg1OQ==
58 WILLIAM MCKEE CLOSE,15-05-2025,Domestic Landlord Gas Safety Records,https://login.gaschecker.co.uk/gas-engineers/xml/domestic_landlord_gas_safety_records.php?certificate_id=MzAyNDg2Mg==
8 UXBRIDGE AVENUE,15-05-2025,Domestic Landlord Gas Safety Records,https://login.gaschecker.co.uk/gas-engineers/xml/domestic_landlord_gas_safety_records.php?certificate_id=MzAyNDg2Mw==
18 Edward Bailey Close CV3 2LZ-Citizen Housing Group Ltd-14May2025,14-05-2025,Domestic Landlord Gas Safety Records,https://login.gaschecker.co.uk/gas-engineers/xml/domestic_landlord_gas_safety_records.php?certificate_id=MzA0MDQxMA==
62 Edward Bailey Close CV3 2LZ-Citizen Housing Group Ltd-14May2025,14-05-2025,Domestic Landlord Gas Safety Records,https://login.gaschecker.co.uk/gas-engineers/xml/domestic_landlord_gas_safety_records.php?certificate_id=MzA0MDQyMw==
51 THE MOORFIELD,14-05-2025,Domestic Landlord Gas Safety Records,https://login.gaschecker.co.uk/gas-engineers/xml/domestic_landlord_gas_safety_records.php?certificate_id=MzAyNDg2MA==
Flat 1 6 Warwick New Road 2025,14-05-2025,Gas Service Breakdown Record,https://login.gaschecker.co.uk/gas-engineers/xml/gas_service_breakdown_record.php?certificate_id=MzA1OTE3Mw==
12 The Moorfield CV3 1BZ-Citizen Housing Group Ltd-13May2025,13-05-2025,Domestic Landlord Gas Safety Records,https://login.gaschecker.co.uk/gas-engineers/xml/domestic_landlord_gas_safety_records.php?certificate_id=MzA0MDQwNw==
64 Empire Road CV4 9LR-Citizen Housing Group Ltd-13May2025,13-05-2025,Domestic Landlord Gas Safety Records,https://login.gaschecker.co.uk/gas-engineers/xml/domestic_landlord_gas_safety_records.php?certificate_id=MzA0MDQyNA==
56 the Farmstead CV3 1ED-Citizen Housing Group Ltd-12May2025,12-05-2025,Domestic Landlord Gas Safety Records,https://login.gaschecker.co.uk/gas-engineers/xml/domestic_landlord_gas_safety_records.php?certificate_id=MzA0MDQyMQ==
29 Edward Bailey Close CV3 2LZ-Citizen Housing Group Ltd-09May2025,09-05-2025,Domestic Landlord Gas Safety Records,https://login.gaschecker.co.uk/gas-engineers/xml/domestic_landlord_gas_safety_records.php?certificate_id=MzA0MDQxNQ==
17 Jasmine Grove 2025,09-05-2025,Domestic Landlord Gas Safety Records,https://login.gaschecker.co.uk/gas-engineers/xml/domestic_landlord_gas_safety_records.php?certificate_id=MzAyMDIwMg==
4 Haywood 2025,09-05-2025,Gas Service Breakdown Record,https://login.gaschecker.co.uk/gas-engineers/xml/gas_service_breakdown_record.php?certificate_id=MzAyMDIwMw==
12 William Mckee Close-Citizen Housing Group Ltd-08May2025,08-05-2025,Domestic Landlord Gas Safety Records,https://login.gaschecker.co.uk/gas-engineers/xml/domestic_landlord_gas_safety_records.php?certificate_id=MzA1NzQyOQ==
126 Whitworth Avenue,08-05-2025,Domestic Landlord Gas Safety Records,https://login.gaschecker.co.uk/gas-engineers/xml/domestic_landlord_gas_safety_records.php?certificate_id=MzAxOTYxNQ==
26 Pinley Fields,08-05-2025,Domestic Landlord Gas Safety Records,https://login.gaschecker.co.uk/gas-engineers/xml/domestic_landlord_gas_safety_records.php?certificate_id=MzAxOTYxNw==
27 Second Avenue,08-05-2025,Domestic Landlord Gas Safety Records,https://login.gaschecker.co.uk/gas-engineers/xml/domestic_landlord_gas_safety_records.php?certificate_id=MzAxOTYxOA==
8 Princes Close,08-05-2025,Domestic Landlord Gas Safety Records,https://login.gaschecker.co.uk/gas-engineers/xml/domestic_landlord_gas_safety_records.php?certificate_id=MzAxOTYyMA==
Flat 108 The Boxhill,08-05-2025,Domestic Landlord Gas Safety Records,https://login.gaschecker.co.uk/gas-engineers/xml/domestic_landlord_gas_safety_records.php?certificate_id=MzAxOTYyMQ==
Flat 30 The Lindfield,08-05-2025,Domestic Landlord Gas Safety Records,https://login.gaschecker.co.uk/gas-engineers/xml/domestic_landlord_gas_safety_records.php?certificate_id=MzAxOTYyMw==
12 Sturley Close 2025,07-05-2025,Domestic Landlord Gas Safety Records,https://login.gaschecker.co.uk/gas-engineers/xml/domestic_landlord_gas_safety_records.php?certificate_id=MzAxOTYxMw==
17 William Mckee Close,07-05-2025,Domestic Landlord Gas Safety Records,https://login.gaschecker.co.uk/gas-engineers/xml/domestic_landlord_gas_safety_records.php?certificate_id=MzAxOTYxNg==
4 Chandos Street,07-05-2025,Domestic Landlord Gas Safety Records,https://login.gaschecker.co.uk/gas-engineers/xml/domestic_landlord_gas_safety_records.php?certificate_id=MzAxOTYxOQ==
Flat 146 Dunhill Avenue,07-05-2025,Domestic Landlord Gas Safety Records,https://login.gaschecker.co.uk/gas-engineers/xml/domestic_landlord_gas_safety_records.php?certificate_id=MzAxOTYyMg==
Flat 44 The Lindfield,07-05-2025,Domestic Landlord Gas Safety Records,https://login.gaschecker.co.uk/gas-engineers/xml/domestic_landlord_gas_safety_records.php?certificate_id=MzAxOTYyNA==
17 The Cornfield-Citizen Housing Group Ltd-07May2025,07-05-2025,Domestic Landlord Gas Safety Records,https://login.gaschecker.co.uk/gas-engineers/xml/domestic_landlord_gas_safety_records.php?certificate_id=MzA0MDQwOA==
23 Whitworth Avenue-Citizen Housing Group Ltd-07May2025,07-05-2025,Domestic Landlord Gas Safety Records,https://login.gaschecker.co.uk/gas-engineers/xml/domestic_landlord_gas_safety_records.php?certificate_id=MzA0MDQxMg==
33 Greenway 2025,07-05-2025,Gas Service Breakdown Record,https://login.gaschecker.co.uk/gas-engineers/xml/gas_service_breakdown_record.php?certificate_id=MzExMTg0OQ==
26 Stand Street,06-05-2025,Gas Service Breakdown Record,https://login.gaschecker.co.uk/gas-engineers/xml/gas_service_breakdown_record.php?certificate_id=MzAxOTYyNQ==
19 Bakewell Close,06-05-2025,Domestic Landlord Gas Safety Records,https://login.gaschecker.co.uk/gas-engineers/xml/domestic_landlord_gas_safety_records.php?certificate_id=MzA0MDQxMQ==
3 Luff Cl-Citizen Housing Group Ltd-06May2025,06-05-2025,Domestic Landlord Gas Safety Records,https://login.gaschecker.co.uk/gas-engineers/xml/domestic_landlord_gas_safety_records.php?certificate_id=MzA0MDQxNg==
41 EDWARD BAILEY CLOSE-Citizen Housing Group Ltd-02May2025,02-05-2025,Domestic Landlord Gas Safety Records,https://login.gaschecker.co.uk/gas-engineers/xml/domestic_landlord_gas_safety_records.php?certificate_id=MzA0MDQxNw==
10 PRINCES CLOSE CV3 1DB,01-05-2025,Domestic Landlord Gas Safety Records,https://login.gaschecker.co.uk/gas-engineers/xml/domestic_landlord_gas_safety_records.php?certificate_id=MzAxNTc5Nw==
116 THE MOORFIELD CV3 1DF,01-05-2025,Domestic Landlord Gas Safety Records,https://login.gaschecker.co.uk/gas-engineers/xml/domestic_landlord_gas_safety_records.php?certificate_id=MzAxNTc5OA==
200 Whitworth Ave Coventry CV3 1FH,01-05-2025,Domestic Landlord Gas Safety Records,https://login.gaschecker.co.uk/gas-engineers/xml/domestic_landlord_gas_safety_records.php?certificate_id=MzAxNTc5OQ==
26 William McKee Cl,01-05-2025,Domestic Landlord Gas Safety Records,https://login.gaschecker.co.uk/gas-engineers/xml/domestic_landlord_gas_safety_records.php?certificate_id=MzAxNTgwMA==
27 THE VALE CV3 1DW,01-05-2025,Domestic Landlord Gas Safety Records,https://login.gaschecker.co.uk/gas-engineers/xml/domestic_landlord_gas_safety_records.php?certificate_id=MzAxNTgwMQ==
61 The Boxhill Coventry CV3 1EU,01-05-2025,Domestic Landlord Gas Safety Records,https://login.gaschecker.co.uk/gas-engineers/xml/domestic_landlord_gas_safety_records.php?certificate_id=MzAxNTgwMg==
67 William McKee Cl,01-05-2025,Domestic Landlord Gas Safety Records,https://login.gaschecker.co.uk/gas-engineers/xml/domestic_landlord_gas_safety_records.php?certificate_id=MzAxNTgwMw==
73 William McKee Cl,01-05-2025,Domestic Landlord Gas Safety Records,https://login.gaschecker.co.uk/gas-engineers/xml/domestic_landlord_gas_safety_records.php?certificate_id=MzAxNTgwNA==
8 Luff Cl Coventry CV3 1DE,01-05-2025,Domestic Landlord Gas Safety Records,https://login.gaschecker.co.uk/gas-engineers/xml/domestic_landlord_gas_safety_records.php?certificate_id=MzAxNTgwNQ==
FLAT 19 THE BENTREE CV3 1DT,01-05-2025,Domestic Landlord Gas Safety Records,https://login.gaschecker.co.uk/gas-engineers/xml/domestic_landlord_gas_safety_records.php?certificate_id=MzAxNTgwNg==
2 Hampton Croft 2025,28-04-2025,Domestic Landlord Gas Safety Records,https://login.gaschecker.co.uk/gas-engineers/xml/domestic_landlord_gas_safety_records.php?certificate_id=MzAxMzI1OQ==
279 WHITWORTH AVENUE-Citizen Housing Group Ltd-28Apr2025,28-04-2025,Domestic Landlord Gas Safety Records,https://login.gaschecker.co.uk/gas-engineers/xml/domestic_landlord_gas_safety_records.php?certificate_id=MzA0MDQxNA==
11 Pinley Fields,24-04-2025,Domestic Landlord Gas Safety Records,https://login.gaschecker.co.uk/gas-engineers/xml/domestic_landlord_gas_safety_records.php?certificate_id=MzAxMDg2Ng==
139 The Boxhill,24-04-2025,Domestic Landlord Gas Safety Records,https://login.gaschecker.co.uk/gas-engineers/xml/domestic_landlord_gas_safety_records.php?certificate_id=MzAxMDg2Nw==
148 Whitworth Avenue,24-04-2025,Domestic Landlord Gas Safety Records,https://login.gaschecker.co.uk/gas-engineers/xml/domestic_landlord_gas_safety_records.php?certificate_id=MzAxMDg2OA==
15 The Cornfield,24-04-2025,Domestic Landlord Gas Safety Records,https://login.gaschecker.co.uk/gas-engineers/xml/domestic_landlord_gas_safety_records.php?certificate_id=MzAxMDg2OQ==
150 Whitworth Ave,24-04-2025,Domestic Landlord Gas Safety Records,https://login.gaschecker.co.uk/gas-engineers/xml/domestic_landlord_gas_safety_records.php?certificate_id=MzAxMDg3MA==
16 The Vale,24-04-2025,Domestic Landlord Gas Safety Records,https://login.gaschecker.co.uk/gas-engineers/xml/domestic_landlord_gas_safety_records.php?certificate_id=MzAxMDg3MQ==
196 Whitworth Ave,24-04-2025,Domestic Landlord Gas Safety Records,https://login.gaschecker.co.uk/gas-engineers/xml/domestic_landlord_gas_safety_records.php?certificate_id=MzAxMDg3Mg==
25 Harcourt,24-04-2025,Domestic Landlord Gas Safety Records,https://login.gaschecker.co.uk/gas-engineers/xml/domestic_landlord_gas_safety_records.php?certificate_id=MzAxMDg3Mw==
3 Second Avenue,24-04-2025,Domestic Landlord Gas Safety Records,https://login.gaschecker.co.uk/gas-engineers/xml/domestic_landlord_gas_safety_records.php?certificate_id=MzAxMDg3NA==
319 Beake Avenue,24-04-2025,Domestic Landlord Gas Safety Records,https://login.gaschecker.co.uk/gas-engineers/xml/domestic_landlord_gas_safety_records.php?certificate_id=MzAxMDg3NQ==
36 Treforest,24-04-2025,Domestic Landlord Gas Safety Records,https://login.gaschecker.co.uk/gas-engineers/xml/domestic_landlord_gas_safety_records.php?certificate_id=MzAxMDg3Ng==
4 The Barley Lea,24-04-2025,Domestic Landlord Gas Safety Records,https://login.gaschecker.co.uk/gas-engineers/xml/domestic_landlord_gas_safety_records.php?certificate_id=MzAxMDg3OA==
46 John Rous Ave,24-04-2025,Domestic Landlord Gas Safety Records,https://login.gaschecker.co.uk/gas-engineers/xml/domestic_landlord_gas_safety_records.php?certificate_id=MzAxMDg3OQ==
47 The Moorfield,24-04-2025,Domestic Landlord Gas Safety Records,https://login.gaschecker.co.uk/gas-engineers/xml/domestic_landlord_gas_safety_records.php?certificate_id=MzAxMDg4MQ==
54 The Barley Lea,24-04-2025,Domestic Landlord Gas Safety Records,https://login.gaschecker.co.uk/gas-engineers/xml/domestic_landlord_gas_safety_records.php?certificate_id=MzAxMDg4Mg==
81 Goring Road,24-04-2025,Domestic Landlord Gas Safety Records,https://login.gaschecker.co.uk/gas-engineers/xml/domestic_landlord_gas_safety_records.php?certificate_id=MzAxMDg4Mw==
81 The Moorfield,24-04-2025,Domestic Landlord Gas Safety Records,https://login.gaschecker.co.uk/gas-engineers/xml/domestic_landlord_gas_safety_records.php?certificate_id=MzAxMDg4NA==
83 The Bentree,24-04-2025,Domestic Landlord Gas Safety Records,https://login.gaschecker.co.uk/gas-engineers/xml/domestic_landlord_gas_safety_records.php?certificate_id=MzAxMDg4NQ==
83 The Moorfield,24-04-2025,Domestic Landlord Gas Safety Records,https://login.gaschecker.co.uk/gas-engineers/xml/domestic_landlord_gas_safety_records.php?certificate_id=MzAxMDg4Ng==
17 William Mckee Close-Citizen Housing Group Ltd-24Apr2025,24-04-2025,Domestic Landlord Gas Safety Records,https://login.gaschecker.co.uk/gas-engineers/xml/domestic_landlord_gas_safety_records.php?certificate_id=MzA0MDQwOQ==
Flat 44 The Lindfield-Citizen Housing Group Ltd-24Apr2025,24-04-2025,Domestic Landlord Gas Safety Records,https://login.gaschecker.co.uk/gas-engineers/xml/domestic_landlord_gas_safety_records.php?certificate_id=MzA0MDQyOQ==
Flat 146 Dunhill Avenue-Citizen Housing Group Ltd-22Apr2025,22-04-2025,Domestic Landlord Gas Safety Records,https://login.gaschecker.co.uk/gas-engineers/xml/domestic_landlord_gas_safety_records.php?certificate_id=MzA1NzQ0NA==
12 William Mckee Close,22-04-2025,Domestic Landlord Gas Safety Records,https://login.gaschecker.co.uk/gas-engineers/xml/domestic_landlord_gas_safety_records.php?certificate_id=MzAxOTYxNA==
1 Red Hill Furrows 2025,15-04-2025,Domestic Landlord Gas Safety Records,https://login.gaschecker.co.uk/gas-engineers/xml/domestic_landlord_gas_safety_records.php?certificate_id=MzAwNTgzNw==
Fair For U,15-04-2025,Domestic Landlord Gas Safety Records,https://login.gaschecker.co.uk/gas-engineers/xml/domestic_landlord_gas_safety_records.php?certificate_id=MzAwNTg0MA==
fair for you 2025,15-04-2025,Gas Service Breakdown Record,https://login.gaschecker.co.uk/gas-engineers/xml/gas_service_breakdown_record.php?certificate_id=MzAwNTg0MQ==
129 HOLLIS ROAD,10-04-2025,Domestic Landlord Gas Safety Records,https://login.gaschecker.co.uk/gas-engineers/xml/domestic_landlord_gas_safety_records.php?certificate_id=MzAwMjk5NA==
30 SECOND AVENUE,10-04-2025,Domestic Landlord Gas Safety Records,https://login.gaschecker.co.uk/gas-engineers/xml/domestic_landlord_gas_safety_records.php?certificate_id=MzAwMjk5Ng==
48A JOHN ROUS AVENUE,10-04-2025,Domestic Landlord Gas Safety Records,https://login.gaschecker.co.uk/gas-engineers/xml/domestic_landlord_gas_safety_records.php?certificate_id=MzAwMjk5Nw==
6 BOLINGBROKE ROAD,10-04-2025,Domestic Landlord Gas Safety Records,https://login.gaschecker.co.uk/gas-engineers/xml/domestic_landlord_gas_safety_records.php?certificate_id=MzAwMjk5OA==
61 THE CORNFIELD,10-04-2025,Domestic Landlord Gas Safety Records,https://login.gaschecker.co.uk/gas-engineers/xml/domestic_landlord_gas_safety_records.php?certificate_id=MzAwMjk5OQ==
76 THE BOXHILL,10-04-2025,Domestic Landlord Gas Safety Records,https://login.gaschecker.co.uk/gas-engineers/xml/domestic_landlord_gas_safety_records.php?certificate_id=MzAwMzAwMA==
94 THE BOXHILL,10-04-2025,Domestic Landlord Gas Safety Records,https://login.gaschecker.co.uk/gas-engineers/xml/domestic_landlord_gas_safety_records.php?certificate_id=MzAwMzAwMQ==
FlAT 75 THE BENTREE,10-04-2025,Domestic Landlord Gas Safety Records,https://login.gaschecker.co.uk/gas-engineers/xml/domestic_landlord_gas_safety_records.php?certificate_id=MzAwMzAwMg==
10 LUFF CLOSE CV3 1DE,10-04-2025,Gas Checker Gas Warning Notice Dan,https://login.gaschecker.co.uk/gas-engineers/xml/gas_checker_gas_warning_notice_dan.php?certificate_id=MzAwMzAwMw==
21 Aston Gardens 202,10-04-2025,Domestic Landlord Gas Safety Records,https://login.gaschecker.co.uk/gas-engineers/xml/domestic_landlord_gas_safety_records.php?certificate_id=MzAwNTgzOA==
3 Monmouth Close 202,10-04-2025,Domestic Landlord Gas Safety Records,https://login.gaschecker.co.uk/gas-engineers/xml/domestic_landlord_gas_safety_records.php?certificate_id=MzAwNTgzOQ==
10 LUFF CLOSE,09-04-2025,Domestic Landlord Gas Safety Records,https://login.gaschecker.co.uk/gas-engineers/xml/domestic_landlord_gas_safety_records.php?certificate_id=MzAwMjk5Mw==
19 Gurney Close 2025,09-04-2025,Domestic Landlord Gas Safety Records,https://login.gaschecker.co.uk/gas-engineers/xml/domestic_landlord_gas_safety_records.php?certificate_id=MzAwMjk5NQ==
21 Aston Gardens 2025,09-04-2025,Domestic Landlord Gas Safety Records,https://login.gaschecker.co.uk/gas-engineers/xml/domestic_landlord_gas_safety_records.php?certificate_id=MzAwMjMyMw==
Flat 10 Field House 2025,09-04-2025,Domestic Landlord Gas Safety Records,https://login.gaschecker.co.uk/gas-engineers/xml/domestic_landlord_gas_safety_records.php?certificate_id=MzAwMjMyNA==
24 Ashtree Close 2025,07-04-2025,Gas Service Breakdown Record,https://login.gaschecker.co.uk/gas-engineers/xml/gas_service_breakdown_record.php?certificate_id=MzAwMTUzMw==
104 THE MOORFIELD,03-04-2025,Domestic Landlord Gas Safety Records,https://login.gaschecker.co.uk/gas-engineers/xml/domestic_landlord_gas_safety_records.php?certificate_id=Mjk5NzgxNw==
12 SAM GAULT CLOSE,03-04-2025,Domestic Landlord Gas Safety Records,https://login.gaschecker.co.uk/gas-engineers/xml/domestic_landlord_gas_safety_records.php?certificate_id=Mjk5NzgxOA==
FLAT 1 WILLIAM MCCOOL CLOSE,03-04-2025,Domestic Landlord Gas Safety Records,https://login.gaschecker.co.uk/gas-engineers/xml/domestic_landlord_gas_safety_records.php?certificate_id=Mjk5NzgxOQ==
FLAT 101 WILLIAM MCKEE CLOSE,03-04-2025,Domestic Landlord Gas Safety Records,https://login.gaschecker.co.uk/gas-engineers/xml/domestic_landlord_gas_safety_records.php?certificate_id=Mjk5NzgyMA==
FLAT 107 ALDRICH AVENUE-Citizen Housing Group Ltd-03Apr2025,03-04-2025,Domestic Landlord Gas Safety Records,https://login.gaschecker.co.uk/gas-engineers/xml/domestic_landlord_gas_safety_records.php?certificate_id=Mjk5NzgyMQ==
38 The Moorfield,03-04-2025,Domestic Landlord Gas Safety Records,https://login.gaschecker.co.uk/gas-engineers/xml/domestic_landlord_gas_safety_records.php?certificate_id=MzAxMDg3Nw==
FLAT 23 BULLFIELD AVENUE,03-04-2025,Domestic Landlord Gas Safety Records,https://login.gaschecker.co.uk/gas-engineers/xml/domestic_landlord_gas_safety_records.php?certificate_id=Mjk5NzgyMg==
FLAT 24 SAM GAULT CLOSE,03-04-2025,Domestic Landlord Gas Safety Records,https://login.gaschecker.co.uk/gas-engineers/xml/domestic_landlord_gas_safety_records.php?certificate_id=Mjk5NzgyMw==
FLAT 35 THE BENTREE,03-04-2025,Domestic Landlord Gas Safety Records,https://login.gaschecker.co.uk/gas-engineers/xml/domestic_landlord_gas_safety_records.php?certificate_id=Mjk5NzgyNA==
FLAT 6 THE LINDFIELD,03-04-2025,Domestic Landlord Gas Safety Records,https://login.gaschecker.co.uk/gas-engineers/xml/domestic_landlord_gas_safety_records.php?certificate_id=Mjk5NzgyNQ==
FLAT 63 WILLIAM MCKEE CLOSE,03-04-2025,Domestic Landlord Gas Safety Records,https://login.gaschecker.co.uk/gas-engineers/xml/domestic_landlord_gas_safety_records.php?certificate_id=Mjk5NzgyNg==
FLAT 7 WILLIAM MCCOOL CLOSE,03-04-2025,Domestic Landlord Gas Safety Records,https://login.gaschecker.co.uk/gas-engineers/xml/domestic_landlord_gas_safety_records.php?certificate_id=Mjk5NzgyNw==
FLAT 75 THE COPPICE,03-04-2025,Domestic Landlord Gas Safety Records,https://login.gaschecker.co.uk/gas-engineers/xml/domestic_landlord_gas_safety_records.php?certificate_id=Mjk5NzgyOA==
FLAT 8 BUSHBERY AVENUE-Citizen Housing Group Ltd-03Apr2025,03-04-2025,Domestic Landlord Gas Safety Records,https://login.gaschecker.co.uk/gas-engineers/xml/domestic_landlord_gas_safety_records.php?certificate_id=Mjk5NzgyOQ==
FLAT 107 ALDRICH AVENUE,02-04-2025,Domestic Landlord Gas Safety Records,https://login.gaschecker.co.uk/gas-engineers/xml/domestic_landlord_gas_safety_records.php?certificate_id=Mjk5NzAzOQ==
FLAT 19 GURNEY CLOSE,02-04-2025,Domestic Landlord Gas Safety Records,https://login.gaschecker.co.uk/gas-engineers/xml/domestic_landlord_gas_safety_records.php?certificate_id=Mjk5NzA0MA==
FLAT 8 BUSHBERY AVENUE,02-04-2025,Domestic Landlord Gas Safety Records,https://login.gaschecker.co.uk/gas-engineers/xml/domestic_landlord_gas_safety_records.php?certificate_id=Mjk5NzA0MQ==
3 Dryden Close 2025,02-04-2025,Gas Service Breakdown Record,https://login.gaschecker.co.uk/gas-engineers/xml/gas_service_breakdown_record.php?certificate_id=Mjk5NzA0Mg==
Flat 5 50 Station Road 2025,31-03-2025,Domestic Landlord Gas Safety Records,https://login.gaschecker.co.uk/gas-engineers/xml/domestic_landlord_gas_safety_records.php?certificate_id=Mjk5NDYwMA==
17 Wilmot Close Balsall Common 2025,28-03-2025,Gas Service Breakdown Record,https://login.gaschecker.co.uk/gas-engineers/xml/gas_service_breakdown_record.php?certificate_id=Mjk5NDYwMQ==
148 Rectory Park Rd 2025,27-03-2025,Domestic Landlord Gas Safety Records,https://login.gaschecker.co.uk/gas-engineers/xml/domestic_landlord_gas_safety_records.php?certificate_id=Mjk5MjA5Mg==
54 NICKSON ROAD,27-03-2025,Domestic Landlord Gas Safety Records,https://login.gaschecker.co.uk/gas-engineers/xml/domestic_landlord_gas_safety_records.php?certificate_id=Mjk5MjA5Mw==
59 BANTOCK ROAD,27-03-2025,Domestic Landlord Gas Safety Records,https://login.gaschecker.co.uk/gas-engineers/xml/domestic_landlord_gas_safety_records.php?certificate_id=Mjk5MjA5NA==
FLAT 43 GLEBE CLOSE,27-03-2025,Domestic Landlord Gas Safety Records,https://login.gaschecker.co.uk/gas-engineers/xml/domestic_landlord_gas_safety_records.php?certificate_id=Mjk5MjA5NQ==
FLAT 43A JAMES GREEN ROAD,27-03-2025,Domestic Landlord Gas Safety Records,https://login.gaschecker.co.uk/gas-engineers/xml/domestic_landlord_gas_safety_records.php?certificate_id=Mjk5MjA5Ng==
109 Rectory Park Rd 2025,27-03-2025,Gas Service Breakdown Record,https://login.gaschecker.co.uk/gas-engineers/xml/gas_service_breakdown_record.php?certificate_id=Mjk5MjA5OA==
3 Eltonia Croft 2025,27-03-2025,Gas Service Breakdown Record,https://login.gaschecker.co.uk/gas-engineers/xml/gas_service_breakdown_record.php?certificate_id=Mjk5MjA5OQ==
5 King Edward Drive 2025,24-03-2025,Domestic Landlord Gas Safety Records,https://login.gaschecker.co.uk/gas-engineers/xml/domestic_landlord_gas_safety_records.php?certificate_id=Mjk4ODkyMQ==
168 Landor Road 2025,24-03-2025,Gas Service Breakdown Record,https://login.gaschecker.co.uk/gas-engineers/xml/gas_service_breakdown_record.php?certificate_id=Mjk4ODkyMg==
29Snowshilldrive 2025,24-03-2025,Gas Service Breakdown Record,https://login.gaschecker.co.uk/gas-engineers/xml/gas_service_breakdown_record.php?certificate_id=Mjk4ODkyMw==
3 church terrace Gsc 2025,21-03-2025,Domestic Landlord Gas Safety Records,https://login.gaschecker.co.uk/gas-engineers/xml/domestic_landlord_gas_safety_records.php?certificate_id=Mjk4NzAyNQ==
3 church terrace 2025,21-03-2025,Gas Service Breakdown Record,https://login.gaschecker.co.uk/gas-engineers/xml/gas_service_breakdown_record.php?certificate_id=Mjk4NzAyNg==
5 HADDON STREET,19-03-2025,Domestic Landlord Gas Safety Records,https://login.gaschecker.co.uk/gas-engineers/xml/domestic_landlord_gas_safety_records.php?certificate_id=Mjk4NTk4NA==
63 THE LINFIELD,19-03-2025,Domestic Landlord Gas Safety Records,https://login.gaschecker.co.uk/gas-engineers/xml/domestic_landlord_gas_safety_records.php?certificate_id=Mjk4NTk4NQ==
1 THE LINFIELD,19-03-2025,Domestic Landlord Gas Safety Records,https://login.gaschecker.co.uk/gas-engineers/xml/domestic_landlord_gas_safety_records.php?certificate_id=Mjk4NTk3Ng==
103 THE BARLEY LEA,19-03-2025,Domestic Landlord Gas Safety Records,https://login.gaschecker.co.uk/gas-engineers/xml/domestic_landlord_gas_safety_records.php?certificate_id=Mjk4NTk3Nw==
13 THE VALE,19-03-2025,Domestic Landlord Gas Safety Records,https://login.gaschecker.co.uk/gas-engineers/xml/domestic_landlord_gas_safety_records.php?certificate_id=Mjk4NTk3OA==
14 THE VALE,19-03-2025,Domestic Landlord Gas Safety Records,https://login.gaschecker.co.uk/gas-engineers/xml/domestic_landlord_gas_safety_records.php?certificate_id=Mjk4NTk3OQ==
212 WHITWORTH AVENUE,19-03-2025,Domestic Landlord Gas Safety Records,https://login.gaschecker.co.uk/gas-engineers/xml/domestic_landlord_gas_safety_records.php?certificate_id=Mjk4NTk4MA==
24 THE VALE,19-03-2025,Domestic Landlord Gas Safety Records,https://login.gaschecker.co.uk/gas-engineers/xml/domestic_landlord_gas_safety_records.php?certificate_id=Mjk4NTk4MQ==
47 THE BOXHILL,19-03-2025,Domestic Landlord Gas Safety Records,https://login.gaschecker.co.uk/gas-engineers/xml/domestic_landlord_gas_safety_records.php?certificate_id=Mjk4NTk4Mw==
15 Turnstone View 2025,18-03-2025,Domestic Landlord Gas Safety Records,https://login.gaschecker.co.uk/gas-engineers/xml/domestic_landlord_gas_safety_records.php?certificate_id=Mjk4MzcyMA==
26 Cherry Tree Drive 2025,18-03-2025,Domestic Landlord Gas Safety Records,https://login.gaschecker.co.uk/gas-engineers/xml/domestic_landlord_gas_safety_records.php?certificate_id=Mjk4MzcyMQ==
5 Latimer Close 2025,18-03-2025,Domestic Landlord Gas Safety Records,https://login.gaschecker.co.uk/gas-engineers/xml/domestic_landlord_gas_safety_records.php?certificate_id=Mjk4MzcyMg==
13a st Marys  2025,14-03-2025,Domestic Landlord Gas Safety Records,https://login.gaschecker.co.uk/gas-engineers/xml/domestic_landlord_gas_safety_records.php?certificate_id=Mjk4MDIyOQ==
14 Richmond Court 2025,14-03-2025,Domestic Landlord Gas Safety Records,https://login.gaschecker.co.uk/gas-engineers/xml/domestic_landlord_gas_safety_records.php?certificate_id=Mjk4MDIzMA==
17 St Marys 2025,14-03-2025,Domestic Landlord Gas Safety Records,https://login.gaschecker.co.uk/gas-engineers/xml/domestic_landlord_gas_safety_records.php?certificate_id=Mjk4MDIzMQ==
3 St Marys Court 2025,14-03-2025,Domestic Landlord Gas Safety Records,https://login.gaschecker.co.uk/gas-engineers/xml/domestic_landlord_gas_safety_records.php?certificate_id=Mjk4MDIzMg==
8 Richmond court 2025,14-03-2025,Domestic Landlord Gas Safety Records,https://login.gaschecker.co.uk/gas-engineers/xml/domestic_landlord_gas_safety_records.php?certificate_id=Mjk4MDIzMw==
Flat 1 13 St Marys 2025,14-03-2025,Domestic Landlord Gas Safety Records,https://login.gaschecker.co.uk/gas-engineers/xml/domestic_landlord_gas_safety_records.php?certificate_id=Mjk4MDIzNA==
Flat 2 13 St Marys 2025,14-03-2025,Domestic Landlord Gas Safety Records,https://login.gaschecker.co.uk/gas-engineers/xml/domestic_landlord_gas_safety_records.php?certificate_id=Mjk4MDIzNQ==
Flat 3 13 St Marys 2024,14-03-2025,Domestic Landlord Gas Safety Records,https://login.gaschecker.co.uk/gas-engineers/xml/domestic_landlord_gas_safety_records.php?certificate_id=Mjk4MDIzNg==
Flat 4 13 St Marys 2025,14-03-2025,Domestic Landlord Gas Safety Records,https://login.gaschecker.co.uk/gas-engineers/xml/domestic_landlord_gas_safety_records.php?certificate_id=Mjk4MDIzNw==
Flat 5 13 St Marys 2025,14-03-2025,Domestic Landlord Gas Safety Records,https://login.gaschecker.co.uk/gas-engineers/xml/domestic_landlord_gas_safety_records.php?certificate_id=Mjk4MDIzOA==
Flat 6 13 St Marys 2025,14-03-2025,Domestic Landlord Gas Safety Records,https://login.gaschecker.co.uk/gas-engineers/xml/domestic_landlord_gas_safety_records.php?certificate_id=Mjk4MDIzOQ==
Flat 7 13 St Marys 2025,14-03-2025,Domestic Landlord Gas Safety Records,https://login.gaschecker.co.uk/gas-engineers/xml/domestic_landlord_gas_safety_records.php?certificate_id=Mjk4MDI0MA==
FLAT 10 THE LINDFIELD-Citizen Housing Group Ltd-13Mar2025,13-03-2025,Domestic Landlord Gas Safety Records,https://login.gaschecker.co.uk/gas-engineers/xml/domestic_landlord_gas_safety_records.php?certificate_id=Mjk3ODY0Mg==
FLAT 13 THE LINDFIELD-Citizen Housing Group Ltd-13Mar2025,13-03-2025,Domestic Landlord Gas Safety Records,https://login.gaschecker.co.uk/gas-engineers/xml/domestic_landlord_gas_safety_records.php?certificate_id=Mjk3ODY0Mw==
FLAT 21 THE LINDFIELD 1-Citizen Housing Group Ltd-13Mar2025,13-03-2025,Domestic Landlord Gas Safety Records,https://login.gaschecker.co.uk/gas-engineers/xml/domestic_landlord_gas_safety_records.php?certificate_id=Mjk3ODY0NA==
FLAT 25 THE LINDFIELD-Citizen Housing Group Ltd-13Mar2025,13-03-2025,Domestic Landlord Gas Safety Records,https://login.gaschecker.co.uk/gas-engineers/xml/domestic_landlord_gas_safety_records.php?certificate_id=Mjk3ODY0NQ==
FLAT 28 THE LINDFIELD 1-Citizen Housing Group Ltd-13Mar2025,13-03-2025,Domestic Landlord Gas Safety Records,https://login.gaschecker.co.uk/gas-engineers/xml/domestic_landlord_gas_safety_records.php?certificate_id=Mjk3ODY0Ng==
FLAT 48 THE LINDFIELD-Citizen Housing Group Ltd-13Mar2025,13-03-2025,Domestic Landlord Gas Safety Records,https://login.gaschecker.co.uk/gas-engineers/xml/domestic_landlord_gas_safety_records.php?certificate_id=Mjk3ODY0Nw==
FLAT 61 THE LINDFIELD-Citizen Housing Group Ltd-13Mar2025,13-03-2025,Domestic Landlord Gas Safety Records,https://login.gaschecker.co.uk/gas-engineers/xml/domestic_landlord_gas_safety_records.php?certificate_id=Mjk3ODY0OA==
FLAT 71 THE LINDFIELD-Citizen Housing Group Ltd-13Mar2025,13-03-2025,Domestic Landlord Gas Safety Records,https://login.gaschecker.co.uk/gas-engineers/xml/domestic_landlord_gas_safety_records.php?certificate_id=Mjk3ODY0OQ==
FLAT 8 THE LINDFIELD-Citizen Housing Group Ltd-13Mar2025,13-03-2025,Domestic Landlord Gas Safety Records,https://login.gaschecker.co.uk/gas-engineers/xml/domestic_landlord_gas_safety_records.php?certificate_id=Mjk3ODY1MA==
19 Charles Street 2025,13-03-2025,Gas Service Breakdown Record,https://login.gaschecker.co.uk/gas-engineers/xml/gas_service_breakdown_record.php?certificate_id=Mjk3ODY1MQ==
FLAT 10 THE LINDFIELD,12-03-2025,Domestic Landlord Gas Safety Records,https://login.gaschecker.co.uk/gas-engineers/xml/domestic_landlord_gas_safety_records.php?certificate_id=Mjk3NjYxOQ==
FLAT 13 THE LINDFIELD,12-03-2025,Domestic Landlord Gas Safety Records,https://login.gaschecker.co.uk/gas-engineers/xml/domestic_landlord_gas_safety_records.php?certificate_id=Mjk3NjYyMA==
FLAT 21 THE LINDFIELD 1,12-03-2025,Domestic Landlord Gas Safety Records,https://login.gaschecker.co.uk/gas-engineers/xml/domestic_landlord_gas_safety_records.php?certificate_id=Mjk3NjYyMQ==
FLAT 25 THE LINDFIELD,12-03-2025,Domestic Landlord Gas Safety Records,https://login.gaschecker.co.uk/gas-engineers/xml/domestic_landlord_gas_safety_records.php?certificate_id=Mjk3NjYyMg==
FLAT 28 THE LINDFIELD 1,12-03-2025,Domestic Landlord Gas Safety Records,https://login.gaschecker.co.uk/gas-engineers/xml/domestic_landlord_gas_safety_records.php?certificate_id=Mjk3NjYyMw==
FLAT 48 THE LINDFIELD,12-03-2025,Domestic Landlord Gas Safety Records,https://login.gaschecker.co.uk/gas-engineers/xml/domestic_landlord_gas_safety_records.php?certificate_id=Mjk3NjYyNA==
FLAT 61 THE LINDFIELD,12-03-2025,Domestic Landlord Gas Safety Records,https://login.gaschecker.co.uk/gas-engineers/xml/domestic_landlord_gas_safety_records.php?certificate_id=Mjk3NjYyNQ==
FLAT 71 THE LINDFIELD,12-03-2025,Domestic Landlord Gas Safety Records,https://login.gaschecker.co.uk/gas-engineers/xml/domestic_landlord_gas_safety_records.php?certificate_id=Mjk3NjYyNg==
FLAT 8 THE LINDFIELD,12-03-2025,Domestic Landlord Gas Safety Records,https://login.gaschecker.co.uk/gas-engineers/xml/domestic_landlord_gas_safety_records.php?certificate_id=Mjk3NjYyNw==
71 Watery Lane  2025,12-03-2025,Gas Service Breakdown Record,https://login.gaschecker.co.uk/gas-engineers/xml/gas_service_breakdown_record.php?certificate_id=Mjk3NjYyOQ==
14 browns Bridge Road 2025,11-03-2025,Gas Service Breakdown Record,https://login.gaschecker.co.uk/gas-engineers/xml/gas_service_breakdown_record.php?certificate_id=Mjk3NjYyOA==
43 Bromhurst Way 2025,11-03-2025,Domestic Landlord Gas Safety Records,https://login.gaschecker.co.uk/gas-engineers/xml/domestic_landlord_gas_safety_records.php?certificate_id=Mjk3NDkyOQ==
43 Bromhurst Way Se 2025,11-03-2025,Gas Service Breakdown Record,https://login.gaschecker.co.uk/gas-engineers/xml/gas_service_breakdown_record.php?certificate_id=Mjk3NDkzMg==
FLAT 61 DELIUS STREET,11-03-2025,Domestic Landlord Gas Safety Records,https://login.gaschecker.co.uk/gas-engineers/xml/domestic_landlord_gas_safety_records.php?certificate_id=Mjk5MjA5Nw==
17 LOWE ROAD CV6 2FZ,05-03-2025,Domestic Landlord Gas Safety Records,https://login.gaschecker.co.uk/gas-engineers/xml/domestic_landlord_gas_safety_records.php?certificate_id=Mjk3MDU5NA==
43 THE JORDONS,05-03-2025,Domestic Landlord Gas Safety Records,https://login.gaschecker.co.uk/gas-engineers/xml/domestic_landlord_gas_safety_records.php?certificate_id=Mjk3MDU5NQ==
94 JARDINE CRESCENT,05-03-2025,Domestic Landlord Gas Safety Records,https://login.gaschecker.co.uk/gas-engineers/xml/domestic_landlord_gas_safety_records.php?certificate_id=Mjk3MDU5Ng==
FLAT 14 FRISBY ROAD,05-03-2025,Domestic Landlord Gas Safety Records,https://login.gaschecker.co.uk/gas-engineers/xml/domestic_landlord_gas_safety_records.php?certificate_id=Mjk3MDU5Nw==
FLAT 2 RADFORD HOUSE,05-03-2025,Domestic Landlord Gas Safety Records,https://login.gaschecker.co.uk/gas-engineers/xml/domestic_landlord_gas_safety_records.php?certificate_id=Mjk3MDU5OA==
FLAT 222 HEWITT AVENUE CV6 1NN,05-03-2025,Domestic Landlord Gas Safety Records,https://login.gaschecker.co.uk/gas-engineers/xml/domestic_landlord_gas_safety_records.php?certificate_id=Mjk3MDU5OQ==
FLAT 41 CAREY STREET,05-03-2025,Domestic Landlord Gas Safety Records,https://login.gaschecker.co.uk/gas-engineers/xml/domestic_landlord_gas_safety_records.php?certificate_id=Mjk3MDYwMA==
1 Sycamore Road,03-03-2025,Domestic Landlord Gas Safety Records,https://login.gaschecker.co.uk/gas-engineers/xml/domestic_landlord_gas_safety_records.php?certificate_id=Mjk2NjI1OA==
1 Sycamore Road 1,03-03-2025,Domestic Landlord Gas Safety Records,https://login.gaschecker.co.uk/gas-engineers/xml/domestic_landlord_gas_safety_records.php?certificate_id=Mjk2NjI1OQ==
5 exmore drive 2025,03-03-2025,Gas Service Breakdown Record,https://login.gaschecker.co.uk/gas-engineers/xml/gas_service_breakdown_record.php?certificate_id=Mjk2NjI2MA==
3 THE LINFIELD,03-03-2025,Domestic Landlord Gas Safety Records,https://login.gaschecker.co.uk/gas-engineers/xml/domestic_landlord_gas_safety_records.php?certificate_id=Mjk4NTk4Mg==
13a st Marys cv311jn 2025,28-02-2025,Domestic Landlord Gas Safety Records,https://login.gaschecker.co.uk/gas-engineers/xml/domestic_landlord_gas_safety_records.php?certificate_id=Mjk2OTg2OQ==
22 Meadfoot Avenue,28-02-2025,Gas Service Breakdown Record,https://login.gaschecker.co.uk/gas-engineers/xml/gas_service_breakdown_record.php?certificate_id=Mjk2NDU0Mw==
13 Brightmere Rd,27-02-2025,Domestic Landlord Gas Safety Records,https://login.gaschecker.co.uk/gas-engineers/xml/domestic_landlord_gas_safety_records.php?certificate_id=Mjk2MzU5NA==
14 Bridgeman Rd,27-02-2025,Domestic Landlord Gas Safety Records,https://login.gaschecker.co.uk/gas-engineers/xml/domestic_landlord_gas_safety_records.php?certificate_id=Mjk2MzU5NQ==
14 Bridgeman Rd 1,27-02-2025,Domestic Landlord Gas Safety Records,https://login.gaschecker.co.uk/gas-engineers/xml/domestic_landlord_gas_safety_records.php?certificate_id=Mjk2MzU5Ng==
17 Leeder Cl,27-02-2025,Domestic Landlord Gas Safety Records,https://login.gaschecker.co.uk/gas-engineers/xml/domestic_landlord_gas_safety_records.php?certificate_id=Mjk2MzU5Nw==
60 Christchurch Rd,27-02-2025,Domestic Landlord Gas Safety Records,https://login.gaschecker.co.uk/gas-engineers/xml/domestic_landlord_gas_safety_records.php?certificate_id=Mjk2MzU5OA==
7 Finch Cl,27-02-2025,Domestic Landlord Gas Safety Records,https://login.gaschecker.co.uk/gas-engineers/xml/domestic_landlord_gas_safety_records.php?certificate_id=Mjk2MzU5OQ==
71 Christchurch Rd,27-02-2025,Domestic Landlord Gas Safety Records,https://login.gaschecker.co.uk/gas-engineers/xml/domestic_landlord_gas_safety_records.php?certificate_id=Mjk2MzYwMA==
Flat 161 Plants Hill,27-02-2025,Domestic Landlord Gas Safety Records,https://login.gaschecker.co.uk/gas-engineers/xml/domestic_landlord_gas_safety_records.php?certificate_id=Mjk2MzYwMQ==
Flat 246 Hewitt Ave,27-02-2025,Domestic Landlord Gas Safety Records,https://login.gaschecker.co.uk/gas-engineers/xml/domestic_landlord_gas_safety_records.php?certificate_id=Mjk2MzYwMw==
Our lady of sacred heart,26-02-2025,Gas Service Breakdown Record,https://login.gaschecker.co.uk/gas-engineers/xml/gas_service_breakdown_record.php?certificate_id=Mjk2MzYwNA==
51 Springfield Road,25-02-2025,Domestic Landlord Gas Safety Records,https://login.gaschecker.co.uk/gas-engineers/xml/domestic_landlord_gas_safety_records.php?certificate_id=Mjk2MDY5Mg==
53 Springfield Road 2025,25-02-2025,Domestic Landlord Gas Safety Records,https://login.gaschecker.co.uk/gas-engineers/xml/domestic_landlord_gas_safety_records.php?certificate_id=Mjk2MDY5Mw==
5 The Aspens 2025,25-02-2025,Gas Service Breakdown Record,https://login.gaschecker.co.uk/gas-engineers/xml/gas_service_breakdown_record.php?certificate_id=Mjk2MDY5NA==
Flat 167 Jardine,24-02-2025,Domestic Landlord Gas Safety Records,https://login.gaschecker.co.uk/gas-engineers/xml/domestic_landlord_gas_safety_records.php?certificate_id=Mjk2MzYwMg==
17 North Villers Street 2025,24-02-2025,Gas Service Breakdown Record,https://login.gaschecker.co.uk/gas-engineers/xml/gas_service_breakdown_record.php?certificate_id=Mjk1OTI3Ng==
46 Newbold Terrace East 2025,21-02-2025,Gas Service Breakdown Record,https://login.gaschecker.co.uk/gas-engineers/xml/gas_service_breakdown_record.php?certificate_id=Mjk1ODIwNg==
42 FYNFORD ROAD 2025,20-02-2025,Domestic Landlord Gas Safety Records,https://login.gaschecker.co.uk/gas-engineers/xml/domestic_landlord_gas_safety_records.php?certificate_id=Mjk1NjQ4Ng==
68 CHRISTCHURCH ROAD 2025,20-02-2025,Domestic Landlord Gas Safety Records,https://login.gaschecker.co.uk/gas-engineers/xml/domestic_landlord_gas_safety_records.php?certificate_id=Mjk1NjQ4Nw==
85 CHRISTCHURCH 2025,20-02-2025,Domestic Landlord Gas Safety Records,https://login.gaschecker.co.uk/gas-engineers/xml/domestic_landlord_gas_safety_records.php?certificate_id=Mjk1NjQ4OA==
FLAT 298 PURCELL ROAD,20-02-2025,Domestic Landlord Gas Safety Records,https://login.gaschecker.co.uk/gas-engineers/xml/domestic_landlord_gas_safety_records.php?certificate_id=Mjk1NjQ4OQ==
FLAT 304 PURCELL ROAD,20-02-2025,Domestic Landlord Gas Safety Records,https://login.gaschecker.co.uk/gas-engineers/xml/domestic_landlord_gas_safety_records.php?certificate_id=Mjk1NjQ5MA==
FLAT 75 GORING ROAD,20-02-2025,Domestic Landlord Gas Safety Records,https://login.gaschecker.co.uk/gas-engineers/xml/domestic_landlord_gas_safety_records.php?certificate_id=Mjk1NjQ5Mg==
53 Kings Street 2025,18-02-2025,Domestic Landlord Gas Safety Records,https://login.gaschecker.co.uk/gas-engineers/xml/domestic_landlord_gas_safety_records.php?certificate_id=Mjk1NDA2OQ==
53 Michaels Road 2025,18-02-2025,Domestic Landlord Gas Safety Records,https://login.gaschecker.co.uk/gas-engineers/xml/domestic_landlord_gas_safety_records.php?certificate_id=Mjk1NDA3MA==
21 Tenbury Close 2025,17-02-2025,Gas Service Breakdown Record,https://login.gaschecker.co.uk/gas-engineers/xml/gas_service_breakdown_record.php?certificate_id=Mjk1MzMxNA==
26 sodens avenue 2025,17-02-2025,Gas Service Breakdown Record,https://login.gaschecker.co.uk/gas-engineers/xml/gas_service_breakdown_record.php?certificate_id=Mjk1MzMxNg==
Morsefield Cottage 2025,17-02-2025,Gas Service Breakdown Record,https://login.gaschecker.co.uk/gas-engineers/xml/gas_service_breakdown_record.php?certificate_id=Mjk1MzMxNw==
44 Glendon Road 2025,14-02-2025,Domestic Landlord Gas Safety Records,https://login.gaschecker.co.uk/gas-engineers/xml/domestic_landlord_gas_safety_records.php?certificate_id=Mjk1MzMxMg==
20 Kings Road 2025,14-02-2025,Gas Service Breakdown Record,https://login.gaschecker.co.uk/gas-engineers/xml/gas_service_breakdown_record.php?certificate_id=Mjk1MzMxMw==
23 The Limes 2025,14-02-2025,Gas Service Breakdown Record,https://login.gaschecker.co.uk/gas-engineers/xml/gas_service_breakdown_record.php?certificate_id=Mjk1MzMxNQ==
3 Melville Road 2025,13-02-2025,Domestic Landlord Gas Safety Records,https://login.gaschecker.co.uk/gas-engineers/xml/domestic_landlord_gas_safety_records.php?certificate_id=Mjk0OTQ2OQ==
2 Silkie Close 2025,12-02-2025,Domestic Landlord Gas Safety Records,https://login.gaschecker.co.uk/gas-engineers/xml/domestic_landlord_gas_safety_records.php?certificate_id=Mjk0ODg3Ng==
16 Redcar Close 2025,12-02-2025,Gas Service Breakdown Record,https://login.gaschecker.co.uk/gas-engineers/xml/gas_service_breakdown_record.php?certificate_id=Mjk0ODg3Nw==
126 Three Spires Avenue,12-02-2025,Domestic Landlord Gas Safety Records,https://login.gaschecker.co.uk/gas-engineers/xml/domestic_landlord_gas_safety_records.php?certificate_id=Mjk2MzU5Mw==
110 Haslucks Green Road 2025,11-02-2025,Gas Service Breakdown Record,https://login.gaschecker.co.uk/gas-engineers/xml/gas_service_breakdown_record.php?certificate_id=Mjk0Njc0Ng==
102A Haslucks Green Road 2025,11-02-2025,Gas Service Breakdown Record,https://login.gaschecker.co.uk/gas-engineers/xml/gas_service_breakdown_record.php?certificate_id=Mjk0NzI5Ng==
16 Barlow Avenue 2025,10-02-2025,Gas Service Breakdown Record,https://login.gaschecker.co.uk/gas-engineers/xml/gas_service_breakdown_record.php?certificate_id=Mjk0NjQxMg==
Apartment 8 Trinity House 20251,08-02-2025,Domestic Landlord Gas Safety Records,https://login.gaschecker.co.uk/gas-engineers/xml/domestic_landlord_gas_safety_records.php?certificate_id=Mjk0NDI5OA==
26 Sycamore Grove 2025,08-02-2025,Gas Service Breakdown Record,https://login.gaschecker.co.uk/gas-engineers/xml/gas_service_breakdown_record.php?certificate_id=Mjk0NTQwNQ==
12 Didington Lane 2025,07-02-2025,Gas Service Breakdown Record,https://login.gaschecker.co.uk/gas-engineers/xml/gas_service_breakdown_record.php?certificate_id=Mjk0NDI5Nw==
FLAT 54 GORING ROAD,06-02-2025,Domestic Landlord Gas Safety Records,https://login.gaschecker.co.uk/gas-engineers/xml/domestic_landlord_gas_safety_records.php?certificate_id=Mjk1NjQ5MQ==
101 POOLE ROAD 2025,06-02-2025,Domestic Landlord Gas Safety Records,https://login.gaschecker.co.uk/gas-engineers/xml/domestic_landlord_gas_safety_records.php?certificate_id=Mjk0MjcwMA==
107 POOLE ROAD 2025,06-02-2025,Domestic Landlord Gas Safety Records,https://login.gaschecker.co.uk/gas-engineers/xml/domestic_landlord_gas_safety_records.php?certificate_id=Mjk0MjcwMQ==
13 MURRAY ROAD 2025,06-02-2025,Domestic Landlord Gas Safety Records,https://login.gaschecker.co.uk/gas-engineers/xml/domestic_landlord_gas_safety_records.php?certificate_id=Mjk0MjcwMg==
19 FOXGLOVE 2025,06-02-2025,Domestic Landlord Gas Safety Records,https://login.gaschecker.co.uk/gas-engineers/xml/domestic_landlord_gas_safety_records.php?certificate_id=Mjk0MjcwMw==
216 SCOTS LANE 2025,06-02-2025,Domestic Landlord Gas Safety Records,https://login.gaschecker.co.uk/gas-engineers/xml/domestic_landlord_gas_safety_records.php?certificate_id=Mjk0MjcwNA==
3 FINCH CLOSE 2025,06-02-2025,Domestic Landlord Gas Safety Records,https://login.gaschecker.co.uk/gas-engineers/xml/domestic_landlord_gas_safety_records.php?certificate_id=Mjk0MjcwNQ==
6 FINCH CLOSE 2025,06-02-2025,Domestic Landlord Gas Safety Records,https://login.gaschecker.co.uk/gas-engineers/xml/domestic_landlord_gas_safety_records.php?certificate_id=Mjk0MjcwNw==
66 MEADOW ROAD 2025,06-02-2025,Domestic Landlord Gas Safety Records,https://login.gaschecker.co.uk/gas-engineers/xml/domestic_landlord_gas_safety_records.php?certificate_id=Mjk0MjcwOA==
7 TALLANTS ROAD 2025,06-02-2025,Domestic Landlord Gas Safety Records,https://login.gaschecker.co.uk/gas-engineers/xml/domestic_landlord_gas_safety_records.php?certificate_id=Mjk0MjcwOQ==
73 HOLLOWAY FIELD 2025,06-02-2025,Domestic Landlord Gas Safety Records,https://login.gaschecker.co.uk/gas-engineers/xml/domestic_landlord_gas_safety_records.php?certificate_id=Mjk0MjcxMA==
77 Abbey End 2025,05-02-2025,Domestic Landlord Gas Safety Records,https://login.gaschecker.co.uk/gas-engineers/xml/domestic_landlord_gas_safety_records.php?certificate_id=Mjk0MTQ3MQ==
4 Knights Road 2025,05-02-2025,Domestic Landlord Gas Safety Records,https://login.gaschecker.co.uk/gas-engineers/xml/domestic_landlord_gas_safety_records.php?certificate_id=Mjk0MDk3MA==
68 Holifast Road 2025,05-02-2025,Gas Service Breakdown Record,https://login.gaschecker.co.uk/gas-engineers/xml/gas_service_breakdown_record.php?certificate_id=Mjk0MDgwOA==
38 North Villiers St,04-02-2025,Gas Service Breakdown Record,https://login.gaschecker.co.uk/gas-engineers/xml/gas_service_breakdown_record.php?certificate_id=Mjk0MDcwOQ==
14 Arundel Close 2025,03-02-2025,Gas Service Breakdown Record,https://login.gaschecker.co.uk/gas-engineers/xml/gas_service_breakdown_record.php?certificate_id=MjkzOTkzMg==
4 Beauchamp Road,31-01-2025,Gas Service Breakdown Record,https://login.gaschecker.co.uk/gas-engineers/xml/gas_service_breakdown_record.php?certificate_id=MjkzNjYyOQ==
37 Kerswell Drive 2025,31-01-2025,Gas Service Breakdown Record,https://login.gaschecker.co.uk/gas-engineers/xml/gas_service_breakdown_record.php?certificate_id=MjkzNjY5MQ==
65 Hampton Road 2025,31-01-2025,Gas Service Breakdown Record,https://login.gaschecker.co.uk/gas-engineers/xml/gas_service_breakdown_record.php?certificate_id=MjkzNjAyMQ==
125 THREE SPIRES AVENUE 2025,30-01-2025,Domestic Landlord Gas Safety Records,https://login.gaschecker.co.uk/gas-engineers/xml/domestic_landlord_gas_safety_records.php?certificate_id=MjkzNTYwMg==
133 THREE SPIRES AVENUE 2025,30-01-2025,Domestic Landlord Gas Safety Records,https://login.gaschecker.co.uk/gas-engineers/xml/domestic_landlord_gas_safety_records.php?certificate_id=MjkzNTYwMw==
95 THREE SPIRES AVENUE 2025,30-01-2025,Domestic Landlord Gas Safety Records,https://login.gaschecker.co.uk/gas-engineers/xml/domestic_landlord_gas_safety_records.php?certificate_id=MjkzNTYwNA==
FLAT 162 HEWITT AVENUE 2025,30-01-2025,Domestic Landlord Gas Safety Records,https://login.gaschecker.co.uk/gas-engineers/xml/domestic_landlord_gas_safety_records.php?certificate_id=MjkzNTYwNQ==
FLAT 174 HEWITT AVENUE 2025,30-01-2025,Domestic Landlord Gas Safety Records,https://login.gaschecker.co.uk/gas-engineers/xml/domestic_landlord_gas_safety_records.php?certificate_id=MjkzNTYwNg==
FLAT 204 HEWITT AVENUE 2025,30-01-2025,Domestic Landlord Gas Safety Records,https://login.gaschecker.co.uk/gas-engineers/xml/domestic_landlord_gas_safety_records.php?certificate_id=MjkzNTYwNw==
39 Coniston Avenue 2025,29-01-2025,Gas Service Breakdown Record,https://login.gaschecker.co.uk/gas-engineers/xml/gas_service_breakdown_record.php?certificate_id=MjkzNDAzOA==
7 Brimstone End 2025,29-01-2025,Gas Service Breakdown Record,https://login.gaschecker.co.uk/gas-engineers/xml/gas_service_breakdown_record.php?certificate_id=MjkzNDAzOQ==
9 Avoncroft Court 2025,28-01-2025,Domestic Landlord Gas Safety Records,https://login.gaschecker.co.uk/gas-engineers/xml/domestic_landlord_gas_safety_records.php?certificate_id=MjkzMzA5Ng==
53 VILLA ROAD CV6 3DB,23-01-2025,Domestic Landlord Gas Safety Records,https://login.gaschecker.co.uk/gas-engineers/xml/domestic_landlord_gas_safety_records.php?certificate_id=MjkzMDMyNQ==
66 JARDINE CRESCENT CV4 9PQ,23-01-2025,Domestic Landlord Gas Safety Records,https://login.gaschecker.co.uk/gas-engineers/xml/domestic_landlord_gas_safety_records.php?certificate_id=MjkzMDMyNg==
FLAT 114 SADLER ROAD CV6 2LL,23-01-2025,Domestic Landlord Gas Safety Records,https://login.gaschecker.co.uk/gas-engineers/xml/domestic_landlord_gas_safety_records.php?certificate_id=MjkzMDMyNw==
FLAT 3 FRETTON CLOSE CV6 5RQ,23-01-2025,Domestic Landlord Gas Safety Records,https://login.gaschecker.co.uk/gas-engineers/xml/domestic_landlord_gas_safety_records.php?certificate_id=MjkzMDMyOA==
FLAT 85 HEDDLE GROVE CV6 7LL,23-01-2025,Domestic Landlord Gas Safety Records,https://login.gaschecker.co.uk/gas-engineers/xml/domestic_landlord_gas_safety_records.php?certificate_id=MjkzMDMyOQ==
32 Dennis Davison Place 2025,22-01-2025,Domestic Landlord Gas Safety Records,https://login.gaschecker.co.uk/gas-engineers/xml/domestic_landlord_gas_safety_records.php?certificate_id=MjkyNzM3MA==
420 Tile Hill Lane 2025,22-01-2025,Domestic Landlord Gas Safety Records,https://login.gaschecker.co.uk/gas-engineers/xml/domestic_landlord_gas_safety_records.php?certificate_id=MjkyNzM3MQ==
53 Sowe Way 2025,22-01-2025,Domestic Landlord Gas Safety Records,https://login.gaschecker.co.uk/gas-engineers/xml/domestic_landlord_gas_safety_records.php?certificate_id=MjkyNzM5Mw==
8 Mulberry 2025,22-01-2025,Domestic Landlord Gas Safety Records,https://login.gaschecker.co.uk/gas-engineers/xml/domestic_landlord_gas_safety_records.php?certificate_id=MjkyNzM5NA==
3 Union Road 2025,22-01-2025,Domestic Landlord Gas Safety Records,https://login.gaschecker.co.uk/gas-engineers/xml/domestic_landlord_gas_safety_records.php?certificate_id=MjkyNzE4Ng==
2 Haseley Court cv35 7hg,21-01-2025,Domestic Landlord Gas Safety Records,https://login.gaschecker.co.uk/gas-engineers/xml/domestic_landlord_gas_safety_records.php?certificate_id=MjkyNjMwMA==
105 Hearsall Lane 2025,20-01-2025,Domestic Landlord Gas Safety Records,https://login.gaschecker.co.uk/gas-engineers/xml/domestic_landlord_gas_safety_records.php?certificate_id=MjkyNDg5NQ==
135 Hearsall Lane 2025,20-01-2025,Domestic Landlord Gas Safety Records,https://login.gaschecker.co.uk/gas-engineers/xml/domestic_landlord_gas_safety_records.php?certificate_id=MjkyNDg5Ng==
22 Quensland 2025,20-01-2025,Domestic Landlord Gas Safety Records,https://login.gaschecker.co.uk/gas-engineers/xml/domestic_landlord_gas_safety_records.php?certificate_id=MjkyNDg5Nw==
26 Kingsland Ave 2025,20-01-2025,Domestic Landlord Gas Safety Records,https://login.gaschecker.co.uk/gas-engineers/xml/domestic_landlord_gas_safety_records.php?certificate_id=MjkyNDg5OA==
36 Quensland Avenue 2025,20-01-2025,Domestic Landlord Gas Safety Records,https://login.gaschecker.co.uk/gas-engineers/xml/domestic_landlord_gas_safety_records.php?certificate_id=MjkyNDg5OQ==
85 Kensington 2025,20-01-2025,Domestic Landlord Gas Safety Records,https://login.gaschecker.co.uk/gas-engineers/xml/domestic_landlord_gas_safety_records.php?certificate_id=MjkyNDkwMA==
5 Atkins Croft 2025,20-01-2025,Gas Service Breakdown Record,https://login.gaschecker.co.uk/gas-engineers/xml/gas_service_breakdown_record.php?certificate_id=MjkyNDIxNg==
51 Burnham Road 2025,17-01-2025,Domestic Landlord Gas Safety Records,https://login.gaschecker.co.uk/gas-engineers/xml/domestic_landlord_gas_safety_records.php?certificate_id=MjkyMzY1Mg==
11 sunset close Leamington spa cv33 9fl,16-01-2025,Gas Service Breakdown Record,https://login.gaschecker.co.uk/gas-engineers/xml/gas_service_breakdown_record.php?certificate_id=MjkyMjA2OQ==
42 Elkington Street 2025,16-01-2025,Domestic Landlord Gas Safety Records,https://login.gaschecker.co.uk/gas-engineers/xml/domestic_landlord_gas_safety_records.php?certificate_id=MjkyMzk5Nw==
467 Stoney Stanton Road 2025,16-01-2025,Domestic Landlord Gas Safety Records,https://login.gaschecker.co.uk/gas-engineers/xml/domestic_landlord_gas_safety_records.php?certificate_id=MjkyMzk5OA==
60 Hampton Road 2025,16-01-2025,Domestic Landlord Gas Safety Records,https://login.gaschecker.co.uk/gas-engineers/xml/domestic_landlord_gas_safety_records.php?certificate_id=MjkyMzk5OQ==
69 Hampton Road 2025,16-01-2025,Domestic Landlord Gas Safety Records,https://login.gaschecker.co.uk/gas-engineers/xml/domestic_landlord_gas_safety_records.php?certificate_id=MjkyNDAwMA==
123 Poole road cv61hx,13-01-2025,Gas Service Breakdown Record,https://login.gaschecker.co.uk/gas-engineers/xml/gas_service_breakdown_record.php?certificate_id=MjkxNzY5Nw==
6 Hampton Way 2025,13-01-2025,Gas Service Breakdown Record,https://login.gaschecker.co.uk/gas-engineers/xml/gas_service_breakdown_record.php?certificate_id=MjkxNzM1Nw==
4 the oak walk B31 4HA 2025,11-01-2025,Gas Service Breakdown Record,https://login.gaschecker.co.uk/gas-engineers/xml/gas_service_breakdown_record.php?certificate_id=MjkxNjMzMQ==
39 Charles Street 2025,09-01-2025,Gas Service Breakdown Record,https://login.gaschecker.co.uk/gas-engineers/xml/gas_service_breakdown_record.php?certificate_id=MjkxMzU5MQ==
Lps 1 2025,09-01-2025,Gas Service Breakdown Record,https://login.gaschecker.co.uk/gas-engineers/xml/gas_service_breakdown_record.php?certificate_id=MjkxMzU5Mg==
Lps 2 2025,09-01-2025,Gas Service Breakdown Record,https://login.gaschecker.co.uk/gas-engineers/xml/gas_service_breakdown_record.php?certificate_id=MjkxMzU5Mw==
Lps 3 2025,09-01-2025,Gas Service Breakdown Record,https://login.gaschecker.co.uk/gas-engineers/xml/gas_service_breakdown_record.php?certificate_id=MjkxMzU5NA==
6 Rendell Gardens 2025,09-01-2025,Gas Service Breakdown Record,https://login.gaschecker.co.uk/gas-engineers/xml/gas_service_breakdown_record.php?certificate_id=MjkxMzU5OQ==
46 Brackley Crescent 2025,09-01-2025,Domestic Landlord Gas Safety Records,https://login.gaschecker.co.uk/gas-engineers/xml/domestic_landlord_gas_safety_records.php?certificate_id=MjkxMzg4Mg==
Flat 2 Lantern Court 2025,07-01-2025,Domestic Landlord Gas Safety Records,https://login.gaschecker.co.uk/gas-engineers/xml/domestic_landlord_gas_safety_records.php?certificate_id=MjkxMTg4Nw==
Flat 4 Lantern Court 2025,07-01-2025,Domestic Landlord Gas Safety Records,https://login.gaschecker.co.uk/gas-engineers/xml/domestic_landlord_gas_safety_records.php?certificate_id=MjkxMTg4OA==
2 Pentland Crown Place 2025,07-01-2025,Gas Service Breakdown Record,https://login.gaschecker.co.uk/gas-engineers/xml/gas_service_breakdown_record.php?certificate_id=MjkxMTg4OQ==
Flat 8 Lantern Court 2025,07-01-2025,Domestic Landlord Gas Safety Records,https://login.gaschecker.co.uk/gas-engineers/xml/domestic_landlord_gas_safety_records.php?certificate_id=MjkxMTM4Nw==
44 nutbrook avenue 2025,06-01-2025,Gas Service Breakdown Record,https://login.gaschecker.co.uk/gas-engineers/xml/gas_service_breakdown_record.php?certificate_id=MjkxMDY3NQ==
7 Greensward Close 2025,06-01-2025,Domestic Landlord Gas Safety Records,https://login.gaschecker.co.uk/gas-engineers/xml/domestic_landlord_gas_safety_records.php?certificate_id=MjkxMDQ1Mg==
13 New Street 2024,03-01-2025,Gas Service Breakdown Record,https://login.gaschecker.co.uk/gas-engineers/xml/gas_service_breakdown_record.php?certificate_id=MjkwOTQ0NA==
4 Chatsworth Grove 2024,03-01-2025,Domestic Landlord Gas Safety Records,https://login.gaschecker.co.uk/gas-engineers/xml/domestic_landlord_gas_safety_records.php?certificate_id=MjkwOTQ1NA==
1 Alexandra Court 2024,03-01-2025,Domestic Landlord Gas Safety Records,https://login.gaschecker.co.uk/gas-engineers/xml/domestic_landlord_gas_safety_records.php?certificate_id=MjkwOTQ1Ng==
2 Arlington Court 2024,03-01-2025,Gas Service Breakdown Record,https://login.gaschecker.co.uk/gas-engineers/xml/gas_service_breakdown_record.php?certificate_id=MjkwOTMyMQ==
